Date;TMin (°C);TMax (°C);TMoy (°C)
01/01/2016;1.72;7.72;4.72
02/01/2016;6.26;10.76;8.51
03/01/2016;5.44;7.96;6.7
04/01/2016;5.8;9.6;7.7
05/01/2016;4.92;8.94;6.93
06/01/2016;6.24;8.92;7.58
07/01/2016;5.42;10.6;8.01
08/01/2016;1.54;8.1;4.82
09/01/2016;3.28;10.04;6.66
10/01/2016;4.54;8.58;6.56
11/01/2016;2.9;8.04;5.47
12/01/2016;4.94;7.92;6.43
13/01/2016;3.66;7.4;5.53
14/01/2016;2.44;6.94;4.69
15/01/2016;1.74;4.98;3.36
16/01/2016;0.36;6.16;3.26
17/01/2016;-0.02;4.2;2.09
18/01/2016;-2.78;0.08;-1.35
19/01/2016;-5.42;1.28;-2.07
20/01/2016;-5.5;1.86;-1.82
21/01/2016;-4.3;3.96;-0.17
22/01/2016;-0.96;7.5;3.27
23/01/2016;4.38;8.3;6.34
24/01/2016;4.86;10.22;7.54
25/01/2016;5.34;12.94;9.14
26/01/2016;7.44;11.26;9.35
27/01/2016;9.5;11.68;10.59
28/01/2016;4.1;8.46;6.28
29/01/2016;2.9;9.82;6.36
30/01/2016;5.64;9.34;7.49
31/01/2016;4.94;11.84;8.39
01/02/2016;10.5;11.64;11.07
02/02/2016;7.38;10.52;8.95
03/02/2016;3.72;7.74;5.73
04/02/2016;4.33;10.57;7.45
05/02/2016;8.53;10.37;9.45
06/02/2016;7.78;12.24;10.01
07/02/2016;5.82;10.3;8.06
08/02/2016;5.76;9.68;7.72
09/02/2016;4.0;8.92;6.46
10/02/2016;2.76;7.48;5.12
11/02/2016;1.96;7.36;4.66
12/02/2016;1.26;5.6;3.43
13/02/2016;0.44;5.5;2.97
14/02/2016;2.74;6.16;4.45
15/02/2016;1.32;6.26;3.79
16/02/2016;-1.94;6.0;2.03
17/02/2016;-4.18;4.08;-0.05
18/02/2016;-1.42;3.56;1.07
19/02/2016;-0.68;8.94;4.13
20/02/2016;4.92;11.38;8.15
21/02/2016;9.96;11.84;10.9
22/02/2016;7.48;10.9;9.19
23/02/2016;3.56;8.52;6.04
24/02/2016;-0.52;7.74;3.61
25/02/2016;-0.42;6.94;3.26
26/02/2016;0.58;6.9;3.74
27/02/2016;0.08;6.44;3.26
28/02/2016;0.62;6.52;3.57
29/02/2016;0.66;7.12;3.89
01/03/2016;-1.0;9.4;4.2
02/03/2016;2.28;9.54;5.91
03/03/2016;2.5;8.02;5.26
04/03/2016;2.56;8.2;5.38
05/03/2016;1.08;7.62;4.35
06/03/2016;2.42;6.98;4.7
07/03/2016;0.58;6.04;3.31
08/03/2016;0.32;8.22;4.27
09/03/2016;4.32;6.42;5.37
10/03/2016;2.64;9.8;6.22
11/03/2016;0.22;10.36;5.29
12/03/2016;0.84;10.8;5.82
13/03/2016;0.18;9.32;4.75
14/03/2016;0.44;8.48;4.46
15/03/2016;-0.12;11.3;5.59
16/03/2016;3.02;8.7;5.86
17/03/2016;0.6;11.06;5.83
18/03/2016;1.7;8.1;4.9
19/03/2016;4.5;7.8;6.15
20/03/2016;4.78;7.7;6.24
21/03/2016;3.48;10.08;6.78
22/03/2016;3.42;12.26;7.84
23/03/2016;3.94;10.24;7.09
24/03/2016;5.58;9.96;7.77
25/03/2016;6.56;12.28;9.42
26/03/2016;2.98;14.48;8.73
27/03/2016;5.74;13.08;9.41
28/03/2016;6.86;12.08;9.47
29/03/2016;5.14;12.5;8.82
30/03/2016;6.86;11.16;9.01
31/03/2016;5.9;9.42;7.66
01/04/2016;2.06;11.98;7.02
02/04/2016;2.66;11.3;6.98
03/04/2016;8.8;19.84;14.32
04/04/2016;9.54;15.46;12.5
05/04/2016;7.5;13.12;10.31
06/04/2016;6.14;12.02;9.08
07/04/2016;4.5;10.82;7.66
08/04/2016;5.3;11.87;8.58
09/04/2016;4.33;11.5;7.92
10/04/2016;1.3;15.36;8.33
11/04/2016;8.72;15.02;11.87
12/04/2016;5.22;15.42;10.32
13/04/2016;7.58;13.94;10.76
14/04/2016;4.0;16.5;10.25
15/04/2016;8.54;15.94;12.24
16/04/2016;7.16;11.7;9.43
17/04/2016;1.94;10.98;6.46
18/04/2016;1.14;12.42;6.78
19/04/2016;4.44;14.34;9.39
20/04/2016;3.9;16.36;10.13
21/04/2016;6.84;18.64;12.74
22/04/2016;8.38;14.52;11.45
23/04/2016;6.34;10.5;8.42
24/04/2016;0.98;8.48;4.73
25/04/2016;3.06;9.84;6.45
26/04/2016;2.7;8.94;5.82
27/04/2016;1.86;10.04;5.95
28/04/2016;0.22;10.84;5.53
29/04/2016;4.38;10.66;7.52
30/04/2016;4.96;11.42;8.19
01/05/2016;1.82;13.8;7.81
02/05/2016;2.02;15.62;8.82
03/05/2016;6.02;14.2;10.11
04/05/2016;2.78;16.68;9.73
05/05/2016;5.5;19.56;12.53
06/05/2016;7.94;22.94;15.44
07/05/2016;11.0;22.84;16.92
08/05/2016;12.06;25.5;18.78
09/05/2016;14.72;22.56;18.64
10/05/2016;14.38;19.94;17.16
11/05/2016;13.88;20.54;17.21
12/05/2016;12.83;20.27;16.55
13/05/2016;11.36;20.96;16.16
14/05/2016;8.48;12.46;10.47
15/05/2016;3.46;13.7;8.58
16/05/2016;7.38;15.18;11.28
17/05/2016;6.22;17.16;11.69
18/05/2016;9.84;16.18;13.01
19/05/2016;7.92;16.3;12.11
20/05/2016;9.8;17.94;13.87
21/05/2016;12.04;22.8;17.42
22/05/2016;12.0;15.5;13.75
23/05/2016;10.6;15.54;13.07
24/05/2016;8.28;15.14;11.71
25/05/2016;6.26;16.82;11.54
26/05/2016;7.66;20.8;14.23
27/05/2016;12.48;22.16;17.32
28/05/2016;11.46;21.94;16.7
29/05/2016;12.68;18.62;15.65
30/05/2016;12.02;13.4;12.71
31/05/2016;12.04;15.14;13.59
01/06/2016;12.62;14.92;13.77
02/06/2016;11.44;12.62;12.03
03/06/2016;10.4;13.36;11.88
04/06/2016;11.42;15.62;13.52
05/06/2016;12.7;21.04;16.87
06/06/2016;12.18;25.04;18.61
07/06/2016;13.8;24.42;19.11
08/06/2016;12.96;22.58;17.77
09/06/2016;11.16;21.14;16.15
10/06/2016;10.26;22.04;16.15
11/06/2016;14.86;22.28;18.57
12/06/2016;12.5;19.12;15.81
13/06/2016;13.76;17.0;15.38
14/06/2016;12.36;18.18;15.27
15/06/2016;11.7;17.76;14.73
16/06/2016;10.12;18.36;14.24
17/06/2016;12.28;18.3;15.29
18/06/2016;11.2;17.54;14.37
19/06/2016;11.16;19.92;15.54
20/06/2016;13.84;16.92;15.38
21/06/2016;14.72;19.32;17.02
22/06/2016;14.98;26.56;20.77
23/06/2016;17.74;28.1;22.92
24/06/2016;15.6;21.18;18.39
25/06/2016;12.24;19.4;15.82
26/06/2016;11.54;19.22;15.38
27/06/2016;12.22;20.34;16.28
28/06/2016;12.34;20.66;16.5
29/06/2016;12.68;20.28;16.48
30/06/2016;14.42;19.74;17.08
01/07/2016;14.68;19.96;17.32
02/07/2016;11.84;18.4;15.12
03/07/2016;11.7;17.9;14.8
04/07/2016;13.94;20.56;17.25
05/07/2016;14.1;19.66;16.88
06/07/2016;9.94;21.58;15.76
07/07/2016;10.96;24.36;17.66
08/07/2016;12.82;22.44;17.63
09/07/2016;14.8;24.62;19.71
10/07/2016;15.66;25.88;20.77
11/07/2016;15.28;21.24;18.26
12/07/2016;13.72;20.12;16.92
13/07/2016;10.84;17.7;14.27
14/07/2016;10.92;19.4;15.16
15/07/2016;9.94;21.58;15.76
16/07/2016;14.28;23.9;19.09
17/07/2016;13.3;25.44;19.37
18/07/2016;14.4;28.46;21.43
19/07/2016;16.84;32.72;24.78
20/07/2016;19.46;29.64;24.55
21/07/2016;15.28;23.2;19.24
22/07/2016;14.84;25.28;20.06
23/07/2016;14.46;24.22;19.34
24/07/2016;12.9;23.8;18.35
25/07/2016;17.44;23.24;20.34
26/07/2016;12.62;21.28;16.95
27/07/2016;12.14;21.2;16.67
28/07/2016;16.68;22.16;19.42
29/07/2016;16.52;22.16;19.34
30/07/2016;14.3;20.92;17.61
31/07/2016;14.14;22.34;18.24
01/08/2016;11.0;20.7;15.85
02/08/2016;13.78;18.98;16.38
03/08/2016;17.04;20.08;18.56
04/08/2016;14.44;20.78;17.61
05/08/2016;13.4;21.52;17.46
06/08/2016;12.16;22.5;17.33
07/08/2016;12.74;24.14;18.44
08/08/2016;14.32;21.36;17.84
09/08/2016;11.24;19.72;15.48
10/08/2016;9.74;17.62;13.68
11/08/2016;9.06;19.2;14.13
12/08/2016;13.92;23.2;18.56
13/08/2016;12.32;24.02;18.17
14/08/2016;12.42;23.72;18.07
15/08/2016;12.62;23.86;18.24
16/08/2016;12.1;25.9;19.0
17/08/2016;13.36;27.2;20.28
18/08/2016;14.86;23.02;18.94
19/08/2016;14.68;23.02;18.85
20/08/2016;14.44;23.08;18.76
21/08/2016;13.98;19.58;16.78
22/08/2016;14.86;24.86;19.86
23/08/2016;13.56;30.48;22.02
24/08/2016;18.12;34.14;26.13
25/08/2016;16.94;32.86;24.9
26/08/2016;17.6;28.92;23.26
27/08/2016;17.86;32.62;25.24
28/08/2016;17.9;24.06;20.98
29/08/2016;16.2;22.22;19.21
30/08/2016;11.24;24.14;17.69
31/08/2016;12.42;25.0;18.71
01/09/2016;12.94;23.24;18.09
02/09/2016;11.06;23.48;17.27
03/09/2016;13.1;23.76;18.43
04/09/2016;17.24;19.32;18.28
05/09/2016;15.42;19.02;17.22
06/09/2016;17.98;22.62;20.3
07/09/2016;14.48;26.6;20.54
08/09/2016;13.76;23.46;18.61
09/09/2016;10.52;24.54;17.53
10/09/2016;11.72;25.34;18.53
11/09/2016;16.4;22.34;19.37
12/09/2016;15.9;29.34;22.62
13/09/2016;19.3;31.12;25.21
14/09/2016;18.2;27.74;22.97
15/09/2016;16.24;22.38;19.31
16/09/2016;14.04;19.94;16.99
17/09/2016;13.16;17.06;15.11
18/09/2016;12.52;21.42;16.97
19/09/2016;13.58;20.12;16.85
20/09/2016;13.36;20.74;17.05
21/09/2016;10.86;21.7;16.28
22/09/2016;10.74;21.44;16.09
23/09/2016;11.36;21.16;16.26
24/09/2016;10.48;24.14;17.31
25/09/2016;12.3;19.58;15.94
26/09/2016;8.36;18.78;13.57
27/09/2016;8.16;21.82;14.99
28/09/2016;14.92;21.6;18.26
29/09/2016;13.06;18.96;16.01
30/09/2016;12.38;18.7;15.54
01/10/2016;10.1;18.02;14.06
02/10/2016;9.78;16.08;12.93
03/10/2016;6.12;17.48;11.8
04/10/2016;8.34;17.96;13.15
05/10/2016;7.7;15.66;11.68
06/10/2016;4.64;13.62;9.13
07/10/2016;8.22;13.74;10.98
08/10/2016;8.24;15.6;11.92
09/10/2016;4.66;15.68;10.17
10/10/2016;3.72;14.14;8.93
11/10/2016;3.66;13.46;8.56
12/10/2016;3.46;12.4;7.93
13/10/2016;5.7;12.5;9.1
14/10/2016;8.42;12.94;10.68
15/10/2016;8.6;16.62;12.61
16/10/2016;8.66;19.32;13.99
17/10/2016;10.56;16.9;13.73
18/10/2016;8.2;13.96;11.08
19/10/2016;7.54;13.38;10.46
20/10/2016;8.32;14.08;11.2
21/10/2016;7.6;13.5;10.55
22/10/2016;4.94;13.52;9.23
23/10/2016;5.06;10.04;7.55
24/10/2016;7.68;11.64;9.66
25/10/2016;6.72;12.64;9.68
26/10/2016;5.14;13.2;9.17
27/10/2016;8.04;14.58;11.31
28/10/2016;9.22;15.0;12.11
29/10/2016;10.6;15.4;13.0
30/10/2016;5.86;16.26;11.06
31/10/2016;7.36;17.38;12.37
01/11/2016;5.02;15.28;10.15
02/11/2016;5.14;10.72;7.93
03/11/2016;1.12;11.16;6.14
04/11/2016;3.94;9.58;6.76
05/11/2016;5.48;10.28;7.88
06/11/2016;1.88;8.26;5.07
07/11/2016;3.48;5.88;4.68
08/11/2016;0.92;7.36;4.14
09/11/2016;3.34;9.04;6.19
10/11/2016;5.5;10.02;7.76
11/11/2016;3.84;8.52;6.18
12/11/2016;-0.5;6.12;2.81
13/11/2016;4.18;9.14;6.66
14/11/2016;5.52;10.42;7.97
15/11/2016;8.38;13.38;10.88
16/11/2016;11.64;13.34;12.49
17/11/2016;9.48;12.48;10.98
18/11/2016;4.86;9.32;7.09
19/11/2016;3.6;10.56;7.08
20/11/2016;6.14;12.74;9.44
21/11/2016;9.46;14.6;12.03
22/11/2016;8.54;11.62;10.08
23/11/2016;6.36;11.26;8.81
24/11/2016;8.16;11.14;9.65
25/11/2016;4.56;7.86;6.21
26/11/2016;5.24;7.6;6.42
27/11/2016;2.18;8.34;5.26
28/11/2016;1.58;5.72;3.65
29/11/2016;-2.48;3.46;0.49
30/11/2016;-4.68;6.0;0.66
01/12/2016;-2.42;7.66;2.62
02/12/2016;2.08;7.5;4.79
03/12/2016;1.36;5.48;3.42
04/12/2016;-2.18;3.98;0.9
05/12/2016;-1.54;5.96;2.21
06/12/2016;-0.02;8.3;4.14
07/12/2016;2.2;10.2;6.2
08/12/2016;3.04;10.2;6.62
09/12/2016;5.04;11.66;8.35
10/12/2016;3.24;10.46;6.85
11/12/2016;4.06;10.14;7.1
12/12/2016;3.34;5.86;4.6
13/12/2016;4.72;9.06;6.89
14/12/2016;2.92;10.38;6.65
15/12/2016;1.7;7.64;4.67
16/12/2016;3.9;9.02;6.46
17/12/2016;0.32;6.54;3.43
18/12/2016;4.46;5.9;5.18
19/12/2016;4.48;7.1;5.79
20/12/2016;1.28;5.8;3.54
21/12/2016;1.08;6.78;3.93
22/12/2016;5.1;7.84;6.47
23/12/2016;2.02;8.46;5.24
24/12/2016;5.74;9.5;7.62
25/12/2016;8.02;10.82;9.42
26/12/2016;4.6;10.56;7.58
27/12/2016;-0.76;7.46;3.35
28/12/2016;-1.82;5.76;1.97
29/12/2016;-2.46;1.66;-0.4
30/12/2016;-4.86;0.46;-2.2
31/12/2016;-2.98;-1.4;-2.19
01/01/2017;-4.18;1.56;-1.31
02/01/2017;-0.0;5.02;2.51
03/01/2017;-2.62;4.76;1.07
04/01/2017;1.92;6.66;4.29
05/01/2017;0.2;6.16;3.18
06/01/2017;-3.46;1.96;-0.75
07/01/2017;-2.5;4.84;1.17
08/01/2017;2.68;7.22;4.95
09/01/2017;3.98;7.86;5.92
10/01/2017;2.54;7.64;5.09
11/01/2017;4.96;11.04;8.0
12/01/2017;4.66;7.54;6.1
13/01/2017;0.8;4.96;2.88
14/01/2017;0.04;4.8;2.42
15/01/2017;-0.2;3.22;1.51
16/01/2017;-0.32;2.8;1.24
17/01/2017;-3.26;-0.14;-1.7
18/01/2017;-4.8;0.76;-2.02
19/01/2017;-4.0;2.24;-0.88
20/01/2017;-3.96;3.0;-0.48
21/01/2017;-5.44;2.02;-1.71
22/01/2017;-5.98;4.46;-0.76
23/01/2017;-3.84;0.82;-1.51
24/01/2017;-1.7;2.36;0.33
25/01/2017;-2.16;-0.34;-1.25
26/01/2017;-5.26;1.58;-1.84
27/01/2017;-3.1;6.74;1.82
28/01/2017;4.2;9.42;6.81
29/01/2017;2.04;7.24;4.64
30/01/2017;5.12;9.24;7.18
31/01/2017;4.56;8.2;6.38
01/02/2017;5.92;9.86;7.89
02/02/2017;6.86;12.7;9.78
03/02/2017;6.96;11.08;9.02
04/02/2017;3.92;6.54;5.23
05/02/2017;3.42;7.08;5.25
06/02/2017;3.94;8.22;6.08
07/02/2017;4.44;8.52;6.48
08/02/2017;2.24;5.88;4.06
09/02/2017;1.6;3.48;2.54
10/02/2017;-0.8;1.22;0.21
11/02/2017;-1.26;1.14;-0.06
12/02/2017;0.06;6.54;3.3
13/02/2017;1.86;8.94;5.4
14/02/2017;2.04;12.36;7.2
15/02/2017;4.38;15.36;9.87
16/02/2017;2.76;10.52;6.64
17/02/2017;4.52;9.92;7.22
18/02/2017;0.52;9.36;4.94
19/02/2017;0.92;10.1;5.51
20/02/2017;7.68;10.6;9.14
21/02/2017;8.84;10.88;9.86
22/02/2017;9.32;10.62;9.97
23/02/2017;8.22;11.16;9.69
24/02/2017;3.94;8.22;6.08
25/02/2017;0.28;10.22;5.25
26/02/2017;6.4;11.66;9.03
27/02/2017;6.02;10.32;8.17
28/02/2017;3.06;7.72;5.39
01/03/2017;4.74;9.94;7.34
02/03/2017;5.48;10.66;8.07
03/03/2017;3.46;12.36;7.91
04/03/2017;6.96;9.16;8.06
05/03/2017;4.1;8.6;6.35
06/03/2017;5.6;9.34;7.47
07/03/2017;4.1;9.66;6.88
08/03/2017;3.22;11.78;7.5
09/03/2017;9.9;13.36;11.63
10/03/2017;3.72;13.54;8.63
11/03/2017;3.46;15.02;9.24
12/03/2017;4.9;14.48;9.69
13/03/2017;4.48;12.74;8.61
14/03/2017;2.48;11.8;7.14
15/03/2017;8.52;15.76;12.14
16/03/2017;3.64;17.82;10.73
17/03/2017;6.72;11.56;9.14
18/03/2017;7.28;11.78;9.53
19/03/2017;9.96;12.18;11.07
20/03/2017;9.22;12.08;10.65
21/03/2017;7.06;10.3;8.68
22/03/2017;1.8;11.28;6.54
23/03/2017;4.14;14.42;9.28
24/03/2017;7.14;13.8;10.47
25/03/2017;5.02;15.16;10.09
26/03/2017;5.04;16.64;10.84
27/03/2017;3.94;18.0;10.97
28/03/2017;5.32;17.24;11.28
29/03/2017;7.68;17.66;12.67
30/03/2017;9.34;22.2;15.77
31/03/2017;9.86;17.22;13.54
01/04/2017;8.56;14.78;11.67
02/04/2017;4.66;15.34;10.0
03/04/2017;3.22;17.14;10.18
04/04/2017;4.4;14.08;9.24
05/04/2017;7.46;14.3;10.88
06/04/2017;4.04;13.54;8.79
07/04/2017;2.38;15.8;9.09
08/04/2017;3.3;17.38;10.34
09/04/2017;4.5;23.36;13.93
10/04/2017;8.28;14.68;11.48
11/04/2017;3.8;14.8;9.3
12/04/2017;4.22;14.64;9.43
13/04/2017;5.78;13.38;9.58
14/04/2017;5.62;13.7;9.66
15/04/2017;7.62;13.88;10.75
16/04/2017;4.88;13.22;9.05
17/04/2017;7.28;11.98;9.63
18/04/2017;1.26;11.52;6.39
19/04/2017;1.04;10.34;5.69
20/04/2017;-1.36;12.52;5.58
21/04/2017;2.34;15.26;8.8
22/04/2017;7.98;13.34;10.66
23/04/2017;2.38;13.24;7.81
24/04/2017;1.58;15.2;8.39
25/04/2017;4.24;10.4;7.32
26/04/2017;0.32;10.74;5.53
27/04/2017;0.58;11.04;5.81
28/04/2017;4.7;12.86;8.78
29/04/2017;3.16;15.78;9.47
30/04/2017;5.3;18.54;11.92
01/05/2017;7.38;14.28;10.83
02/05/2017;3.52;16.18;9.85
03/05/2017;8.18;12.12;10.15
04/05/2017;7.98;15.1;11.54
05/05/2017;7.72;14.32;11.02
06/05/2017;7.02;15.8;11.41
07/05/2017;9.48;11.84;10.66
08/05/2017;7.46;11.4;9.43
09/05/2017;4.36;14.96;9.66
10/05/2017;3.26;19.2;11.23
11/05/2017;7.68;22.3;14.99
12/05/2017;12.2;20.8;16.5
13/05/2017;11.3;17.72;14.51
14/05/2017;9.68;17.48;13.58
15/05/2017;6.7;21.88;14.29
16/05/2017;14.3;25.88;20.09
17/05/2017;14.98;27.52;21.25
18/05/2017;12.54;18.78;15.66
19/05/2017;9.42;15.76;12.59
20/05/2017;8.64;16.54;12.59
21/05/2017;7.54;20.42;13.98
22/05/2017;9.86;24.16;17.01
23/05/2017;12.58;20.5;16.54
24/05/2017;13.3;21.88;17.59
25/05/2017;11.9;24.78;18.34
26/05/2017;13.64;27.08;20.36
27/05/2017;14.02;27.42;20.72
28/05/2017;14.16;27.72;20.94
29/05/2017;16.64;26.9;21.77
30/05/2017;14.38;18.96;16.67
31/05/2017;9.7;21.88;15.79
01/06/2017;11.44;25.3;18.37
02/06/2017;13.78;27.12;20.45
03/06/2017;13.84;18.7;16.27
04/06/2017;10.48;18.22;14.35
05/06/2017;10.98;22.0;16.49
06/06/2017;11.46;16.02;13.74
07/06/2017;10.9;17.96;14.43
08/06/2017;11.36;23.98;17.67
09/06/2017;14.16;19.54;16.85
10/06/2017;11.54;25.04;18.29
11/06/2017;13.9;25.58;19.74
12/06/2017;11.92;18.5;15.21
13/06/2017;8.6;22.2;15.4
14/06/2017;12.7;27.02;19.86
15/06/2017;15.18;24.38;19.78
16/06/2017;12.22;20.72;16.47
17/06/2017;12.02;25.48;18.75
18/06/2017;14.32;28.38;21.35
19/06/2017;16.22;30.68;23.45
20/06/2017;16.78;31.56;24.17
21/06/2017;18.34;34.36;26.35
22/06/2017;17.86;26.96;22.41
23/06/2017;13.54;20.52;17.03
24/06/2017;12.96;21.98;17.47
25/06/2017;15.52;21.66;18.59
26/06/2017;13.9;24.82;19.36
27/06/2017;14.64;24.64;19.64
28/06/2017;16.0;21.94;18.97
29/06/2017;13.52;20.66;17.09
30/06/2017;13.32;21.48;17.4
01/07/2017;13.76;21.56;17.66
02/07/2017;13.38;21.46;17.42
03/07/2017;10.52;21.16;15.84
04/07/2017;11.98;24.26;18.12
05/07/2017;13.0;29.06;21.03
06/07/2017;17.36;31.06;24.21
07/07/2017;16.12;27.6;21.86
08/07/2017;14.66;25.06;19.86
09/07/2017;14.62;27.52;21.07
10/07/2017;15.72;21.12;18.42
11/07/2017;13.1;21.64;17.37
12/07/2017;15.38;20.78;18.08
13/07/2017;9.32;23.14;16.23
14/07/2017;11.28;21.46;16.37
15/07/2017;11.34;22.8;17.07
16/07/2017;16.2;24.04;20.12
17/07/2017;14.02;26.08;20.05
18/07/2017;15.48;31.4;23.44
19/07/2017;19.6;29.68;24.64
20/07/2017;17.04;22.04;19.54
21/07/2017;9.92;25.08;17.5
22/07/2017;13.74;21.8;17.77
23/07/2017;12.14;20.36;16.25
24/07/2017;13.64;20.38;17.01
25/07/2017;14.02;21.18;17.6
26/07/2017;11.36;23.46;17.41
27/07/2017;15.2;20.9;18.05
28/07/2017;12.8;21.36;17.08
29/07/2017;17.18;25.22;21.2
30/07/2017;17.66;22.56;20.11
31/07/2017;12.4;22.66;17.53
01/08/2017;12.12;23.94;18.03
02/08/2017;13.24;22.76;18.0
03/08/2017;16.66;23.06;19.86
04/08/2017;15.9;22.52;19.21
05/08/2017;14.62;21.46;18.04
06/08/2017;9.76;21.56;15.66
07/08/2017;9.38;23.32;16.35
08/08/2017;13.92;19.58;16.75
09/08/2017;11.08;20.1;15.59
10/08/2017;11.66;20.04;15.85
11/08/2017;12.96;21.46;17.21
12/08/2017;13.94;19.2;16.57
13/08/2017;11.96;22.18;17.07
14/08/2017;11.84;24.78;18.31
15/08/2017;15.24;23.06;19.15
16/08/2017;12.04;23.72;17.88
17/08/2017;16.1;21.56;18.83
18/08/2017;16.78;20.98;18.88
19/08/2017;12.6;19.86;16.23
20/08/2017;11.06;20.2;15.63
21/08/2017;13.5;18.94;16.22
22/08/2017;15.34;23.34;19.34
23/08/2017;15.42;25.9;20.66
24/08/2017;13.46;22.08;17.77
25/08/2017;13.46;24.22;18.84
26/08/2017;16.24;25.94;21.09
27/08/2017;15.42;26.12;20.77
28/08/2017;14.9;28.9;21.9
29/08/2017;17.0;31.3;24.15
30/08/2017;14.3;20.0;17.15
31/08/2017;10.92;19.48;15.2
01/09/2017;11.42;19.86;15.64
02/09/2017;10.46;19.34;14.9
03/09/2017;8.0;20.48;14.24
04/09/2017;13.96;20.56;17.26
05/09/2017;15.76;21.52;18.64
06/09/2017;13.94;18.8;16.37
07/09/2017;12.38;18.98;15.68
08/09/2017;14.5;17.52;16.01
09/09/2017;12.6;17.52;15.06
10/09/2017;9.52;18.74;14.13
11/09/2017;11.66;16.96;14.31
12/09/2017;11.7;17.92;14.81
13/09/2017;12.4;17.6;15.0
14/09/2017;10.22;15.8;13.01
15/09/2017;9.38;16.02;12.7
16/09/2017;6.82;15.1;10.96
17/09/2017;5.98;16.2;11.09
18/09/2017;8.12;15.96;12.04
19/09/2017;9.2;16.46;12.83
20/09/2017;7.06;17.82;12.44
21/09/2017;8.52;19.82;14.17
22/09/2017;10.8;18.68;14.74
23/09/2017;6.82;19.24;13.03
24/09/2017;8.9;21.88;15.39
25/09/2017;12.62;19.96;16.29
26/09/2017;12.4;21.32;16.86
27/09/2017;10.48;20.8;15.64
28/09/2017;14.18;19.6;16.89
29/09/2017;13.54;22.76;18.15
30/09/2017;12.78;17.72;15.25
01/10/2017;12.1;16.9;14.5
02/10/2017;14.5;19.16;16.83
03/10/2017;9.36;16.26;12.81
04/10/2017;9.02;16.14;12.58
05/10/2017;10.9;16.48;13.69
06/10/2017;7.14;14.8;10.97
07/10/2017;6.14;14.96;10.55
08/10/2017;11.34;16.12;13.73
09/10/2017;8.3;17.46;12.88
10/10/2017;12.34;16.56;14.45
11/10/2017;13.08;16.68;14.88
12/10/2017;11.72;18.28;15.0
13/10/2017;12.82;20.28;16.55
14/10/2017;10.84;21.14;15.99
15/10/2017;10.96;23.4;17.18
16/10/2017;14.6;24.8;19.7
17/10/2017;11.22;18.26;14.74
18/10/2017;10.44;19.98;15.21
19/10/2017;11.04;21.36;16.2
20/10/2017;11.02;15.84;13.43
21/10/2017;10.12;17.12;13.62
22/10/2017;9.7;13.26;11.48
23/10/2017;9.36;14.48;11.92
24/10/2017;13.3;17.46;15.38
25/10/2017;13.84;17.3;15.57
26/10/2017;11.76;16.0;13.88
27/10/2017;10.04;14.9;12.47
28/10/2017;4.94;14.3;9.62
29/10/2017;9.04;14.2;11.62
30/10/2017;5.02;12.0;8.51
31/10/2017;2.36;13.0;7.68
01/11/2017;3.8;14.3;9.05
02/11/2017;5.04;13.5;9.27
03/11/2017;5.58;14.46;10.02
04/11/2017;8.36;14.28;11.32
05/11/2017;5.18;10.14;7.66
06/11/2017;2.42;10.54;6.48
07/11/2017;-1.14;10.22;4.54
08/11/2017;0.86;8.7;4.78
09/11/2017;4.78;11.54;8.16
10/11/2017;8.52;13.06;10.79
11/11/2017;6.72;12.76;9.74
12/11/2017;5.8;9.24;7.52
13/11/2017;4.72;9.38;7.05
14/11/2017;1.3;10.28;5.79
15/11/2017;8.14;11.5;9.82
16/11/2017;7.28;10.82;9.05
17/11/2017;6.08;10.9;8.49
18/11/2017;0.46;9.88;5.17
19/11/2017;2.58;8.26;5.42
20/11/2017;1.3;11.24;6.27
21/11/2017;9.94;11.56;10.75
22/11/2017;9.18;14.1;11.64
23/11/2017;9.0;15.22;12.11
24/11/2017;6.64;10.82;8.73
25/11/2017;2.74;6.8;4.77
26/11/2017;1.96;8.28;5.12
27/11/2017;2.8;9.18;5.99
28/11/2017;2.96;7.5;5.23
29/11/2017;0.58;5.68;3.13
30/11/2017;0.84;4.02;2.43
01/12/2017;0.08;4.12;2.1
02/12/2017;-1.8;1.06;-0.37
03/12/2017;-1.6;5.78;2.09
04/12/2017;2.8;7.9;5.35
05/12/2017;2.46;8.0;5.23
06/12/2017;6.06;8.34;7.2
07/12/2017;3.16;9.26;6.21
08/12/2017;1.78;5.24;3.51
09/12/2017;-0.54;4.22;1.84
10/12/2017;0.44;10.08;5.26
11/12/2017;0.66;6.1;3.38
12/12/2017;0.56;6.16;3.36
13/12/2017;1.14;9.1;5.12
14/12/2017;2.96;6.32;4.64
15/12/2017;2.16;5.1;3.63
16/12/2017;1.72;5.48;3.6
17/12/2017;-0.94;8.7;3.88
18/12/2017;3.26;7.92;5.59
19/12/2017;0.62;7.36;3.99
20/12/2017;4.92;9.04;6.98
21/12/2017;7.84;10.44;9.14
22/12/2017;8.62;10.1;9.36
23/12/2017;8.56;9.76;9.16
24/12/2017;8.14;9.36;8.75
25/12/2017;5.74;7.62;6.68
26/12/2017;4.46;7.66;6.06
27/12/2017;3.04;6.22;4.63
28/12/2017;-0.04;5.58;2.77
29/12/2017;-0.44;10.36;4.96
30/12/2017;5.34;13.74;9.54
31/12/2017;9.4;13.5;11.45
01/01/2018;5.42;8.2;6.81
02/01/2018;4.94;12.6;8.77
03/01/2018;6.92;10.12;8.52
04/01/2018;7.34;12.82;10.08
05/01/2018;6.28;9.82;8.05
06/01/2018;3.3;6.84;5.07
07/01/2018;3.04;4.4;3.72
08/01/2018;2.22;5.0;3.61
09/01/2018;1.32;7.94;4.63
10/01/2018;5.58;8.96;7.27
11/01/2018;3.28;6.04;4.66
12/01/2018;3.96;6.54;5.25
13/01/2018;1.9;5.02;3.46
14/01/2018;0.38;6.08;3.23
15/01/2018;0.38;9.38;4.88
16/01/2018;5.12;8.38;6.75
17/01/2018;2.9;10.3;6.6
18/01/2018;5.16;11.02;8.09
19/01/2018;2.58;6.88;4.73
20/01/2018;3.04;6.68;4.86
21/01/2018;1.56;10.38;5.97
22/01/2018;3.7;10.32;7.01
23/01/2018;6.96;11.94;9.45
24/01/2018;9.92;13.36;11.64
25/01/2018;6.9;9.2;8.05
26/01/2018;3.26;8.34;5.8
27/01/2018;1.82;8.8;5.31
28/01/2018;5.64;10.64;8.14
29/01/2018;9.28;10.72;10.0
30/01/2018;2.86;9.92;6.39
31/01/2018;6.0;9.24;7.62
01/02/2018;1.94;6.88;4.41
02/02/2018;2.88;6.08;4.48
03/02/2018;1.82;4.8;3.31
04/02/2018;0.28;4.6;2.44
05/02/2018;-0.92;2.52;0.8
06/02/2018;-1.52;1.02;-0.25
07/02/2018;-2.12;1.44;-0.34
08/02/2018;-4.36;5.4;0.52
09/02/2018;-1.94;3.34;0.7
10/02/2018;-1.46;6.42;2.48
11/02/2018;2.64;7.6;5.12
12/02/2018;0.0;6.44;3.22
13/02/2018;-0.68;4.52;1.92
14/02/2018;-0.58;6.84;3.13
15/02/2018;3.2;10.74;6.97
16/02/2018;0.58;9.56;5.07
17/02/2018;1.9;9.28;5.59
18/02/2018;-1.68;9.24;3.78
19/02/2018;0.86;4.76;2.81
20/02/2018;2.64;6.06;4.35
21/02/2018;-0.58;4.74;2.08
22/02/2018;-2.12;4.56;1.22
23/02/2018;-2.42;3.04;0.31
24/02/2018;-3.06;5.72;1.33
25/02/2018;-3.42;2.54;-0.44
26/02/2018;-5.24;-0.18;-2.71
27/02/2018;-6.1;-0.6;-3.35
28/02/2018;-8.28;-1.52;-4.9
01/03/2018;-5.74;1.24;-2.25
02/03/2018;-1.28;2.66;0.69
03/03/2018;-1.74;7.36;2.81
04/03/2018;1.26;6.7;3.98
05/03/2018;1.88;11.22;6.55
06/03/2018;3.8;10.42;7.11
07/03/2018;3.94;7.96;5.95
08/03/2018;2.66;8.5;5.58
09/03/2018;2.74;11.52;7.13
10/03/2018;8.88;14.46;11.67
11/03/2018;8.66;17.22;12.94
12/03/2018;7.74;11.86;9.8
13/03/2018;5.6;9.04;7.32
14/03/2018;2.36;13.3;7.83
15/03/2018;6.8;11.72;9.26
16/03/2018;6.18;13.24;9.71
17/03/2018;-1.1;2.76;0.83
18/03/2018;-1.96;1.12;-0.42
19/03/2018;-1.58;2.06;0.24
20/03/2018;-2.02;7.96;2.97
21/03/2018;-0.88;7.62;3.37
22/03/2018;1.44;7.96;4.7
23/03/2018;3.76;7.74;5.75
24/03/2018;4.8;12.24;8.52
25/03/2018;3.12;12.68;7.9
26/03/2018;4.4;11.82;8.11
27/03/2018;3.32;10.48;6.9
28/03/2018;4.86;10.72;7.79
29/03/2018;2.36;10.84;6.6
30/03/2018;4.04;10.82;7.43
31/03/2018;3.4;10.66;7.03
01/04/2018;4.94;9.04;6.99
02/04/2018;5.32;14.62;9.97
03/04/2018;9.6;15.38;12.49
04/04/2018;7.0;14.54;10.77
05/04/2018;5.5;10.06;7.78
06/04/2018;3.0;17.24;10.12
07/04/2018;8.36;20.02;14.19
08/04/2018;9.2;19.96;14.58
09/04/2018;9.56;14.42;11.99
10/04/2018;9.04;18.1;13.57
11/04/2018;5.72;17.62;11.67
12/04/2018;6.76;14.18;10.47
13/04/2018;7.9;15.22;11.56
14/04/2018;4.94;15.98;10.46
15/04/2018;7.86;16.32;12.09
16/04/2018;7.08;15.28;11.18
17/04/2018;5.68;20.74;13.21
18/04/2018;8.14;24.52;16.33
19/04/2018;11.72;26.04;18.88
20/04/2018;11.7;24.72;18.21
21/04/2018;10.3;24.8;17.55
22/04/2018;12.3;24.66;18.48
23/04/2018;9.26;15.3;12.28
24/04/2018;7.42;17.02;12.22
25/04/2018;9.72;14.76;12.24
26/04/2018;7.2;14.04;10.62
27/04/2018;5.06;18.24;11.65
28/04/2018;10.66;14.46;12.56
29/04/2018;7.32;10.98;9.15
30/04/2018;4.4;10.0;7.2
01/05/2018;4.96;12.64;8.8
02/05/2018;3.46;14.8;9.13
03/05/2018;4.26;15.12;9.69
04/05/2018;3.74;17.62;10.68
05/05/2018;7.32;21.5;14.41
06/05/2018;9.44;25.52;17.48
07/05/2018;10.94;25.96;18.45
08/05/2018;10.86;25.24;18.05
09/05/2018;10.38;19.06;14.72
10/05/2018;8.6;15.3;11.95
11/05/2018;4.4;19.54;11.97
12/05/2018;10.38;19.12;14.75
13/05/2018;9.32;13.68;11.5
14/05/2018;9.38;14.44;11.91
15/05/2018;10.22;18.06;14.14
16/05/2018;8.66;17.92;13.29
17/05/2018;8.5;15.56;12.03
18/05/2018;4.34;16.32;10.33
19/05/2018;4.46;15.82;10.14
20/05/2018;7.24;21.18;14.21
21/05/2018;11.22;22.48;16.85
22/05/2018;10.26;22.26;16.26
23/05/2018;10.46;18.52;14.49
24/05/2018;12.72;22.0;17.36
25/05/2018;10.92;22.18;16.55
26/05/2018;14.46;27.52;20.99
27/05/2018;17.6;26.66;22.13
28/05/2018;16.34;26.6;21.47
29/05/2018;15.22;21.78;18.5
30/05/2018;14.94;24.12;19.53
31/05/2018;16.08;25.02;20.55
01/06/2018;13.98;18.98;16.48
02/06/2018;12.82;19.38;16.1
03/06/2018;10.24;24.3;17.27
04/06/2018;14.5;21.5;18.0
05/06/2018;13.7;19.36;16.53
06/06/2018;12.2;23.8;18.0
07/06/2018;13.9;24.06;18.98
08/06/2018;14.0;22.14;18.07
09/06/2018;12.82;21.46;17.14
10/06/2018;13.74;22.24;17.99
11/06/2018;14.62;21.58;18.1
12/06/2018;14.76;19.16;16.96
13/06/2018;9.56;18.56;14.06
14/06/2018;9.64;18.76;14.2
15/06/2018;9.42;21.26;15.34
16/06/2018;11.06;19.82;15.44
17/06/2018;11.96;18.7;15.33
18/06/2018;14.1;19.44;16.77
19/06/2018;13.84;19.98;16.91
20/06/2018;14.62;23.96;19.29
21/06/2018;12.84;18.18;15.51
22/06/2018;6.34;19.48;12.91
23/06/2018;6.24;20.7;13.47
24/06/2018;10.28;21.34;15.81
25/06/2018;10.64;24.16;17.4
26/06/2018;11.42;24.64;18.03
27/06/2018;12.6;25.32;18.96
28/06/2018;14.28;26.68;20.48
29/06/2018;15.26;26.76;21.01
30/06/2018;13.72;28.96;21.34
01/07/2018;18.06;31.6;24.83
02/07/2018;16.16;29.08;22.62
03/07/2018;16.74;28.58;22.66
04/07/2018;14.68;27.48;21.08
05/07/2018;14.62;24.84;19.73
06/07/2018;13.58;27.3;20.44
07/07/2018;14.3;28.82;21.56
08/07/2018;15.78;28.5;22.14
09/07/2018;14.66;25.78;20.22
10/07/2018;13.82;19.38;16.6
11/07/2018;14.08;22.14;18.11
12/07/2018;12.24;23.62;17.93
13/07/2018;14.68;26.1;20.39
14/07/2018;13.46;28.02;20.74
15/07/2018;14.66;29.18;21.92
16/07/2018;14.78;27.88;21.33
17/07/2018;15.56;23.6;19.58
18/07/2018;12.78;25.76;19.27
19/07/2018;13.14;28.18;20.66
20/07/2018;17.06;20.74;18.9
21/07/2018;15.72;23.92;19.82
22/07/2018;13.5;26.22;19.86
23/07/2018;15.86;28.44;22.15
24/07/2018;15.62;29.62;22.62
25/07/2018;18.22;31.46;24.84
26/07/2018;18.74;35.0;26.87
27/07/2018;19.48;32.82;26.15
28/07/2018;16.86;23.16;20.01
29/07/2018;16.14;24.26;20.2
30/07/2018;18.66;26.92;22.79
31/07/2018;17.5;24.94;21.22
01/08/2018;14.12;26.7;20.41
02/08/2018;14.38;28.5;21.44
03/08/2018;15.66;31.96;23.81
04/08/2018;16.94;30.04;23.49
05/08/2018;14.64;28.38;21.51
06/08/2018;15.62;31.92;23.77
07/08/2018;16.56;34.26;25.41
08/08/2018;17.06;23.32;20.19
09/08/2018;14.56;18.26;16.41
10/08/2018;11.32;21.58;16.45
11/08/2018;12.26;22.32;17.29
12/08/2018;14.2;27.14;20.67
13/08/2018;16.64;21.04;18.84
14/08/2018;15.5;22.6;19.05
15/08/2018;15.38;21.98;18.68
16/08/2018;14.1;25.7;19.9
17/08/2018;13.5;22.04;17.77
18/08/2018;11.92;21.02;16.47
19/08/2018;13.74;23.98;18.86
20/08/2018;18.0;23.1;20.55
21/08/2018;16.06;23.76;19.91
22/08/2018;16.2;24.4;20.3
23/08/2018;15.98;22.64;19.31
24/08/2018;13.58;19.08;16.33
25/08/2018;10.44;18.24;14.34
26/08/2018;7.8;19.48;13.64
27/08/2018;15.22;19.46;17.34
28/08/2018;11.84;22.46;17.15
29/08/2018;14.48;18.56;16.52
30/08/2018;11.32;20.32;15.82
31/08/2018;12.62;20.92;16.77
01/09/2018;9.02;21.58;15.3
02/09/2018;9.52;22.88;16.2
03/09/2018;12.48;22.64;17.56
04/09/2018;16.08;19.98;18.03
05/09/2018;16.98;21.12;19.05
06/09/2018;16.16;19.78;17.97
07/09/2018;11.96;18.24;15.1
08/09/2018;9.14;20.0;14.57
09/09/2018;11.08;25.04;18.06
10/09/2018;12.56;22.08;17.32
11/09/2018;12.74;24.12;18.43
12/09/2018;12.02;21.16;16.59
13/09/2018;13.16;18.84;16.0
14/09/2018;8.82;19.38;14.1
15/09/2018;9.54;20.72;15.13
16/09/2018;8.52;22.56;15.54
17/09/2018;8.58;26.44;17.51
18/09/2018;14.56;23.84;19.2
19/09/2018;13.98;23.5;18.74
20/09/2018;13.96;24.2;19.08
21/09/2018;13.52;17.32;15.42
22/09/2018;10.12;17.02;13.57
23/09/2018;10.5;16.74;13.62
24/09/2018;7.16;15.72;11.44
25/09/2018;4.22;16.14;10.18
26/09/2018;5.02;19.1;12.06
27/09/2018;5.8;21.64;13.72
28/09/2018;8.36;17.22;12.79
29/09/2018;6.54;16.04;11.29
30/09/2018;2.54;16.66;9.6
01/10/2018;7.88;14.56;11.22
02/10/2018;8.74;16.48;12.61
03/10/2018;12.64;17.6;15.12
04/10/2018;9.96;19.7;14.83
05/10/2018;7.68;22.34;15.01
06/10/2018;8.92;21.38;15.15
07/10/2018;11.12;15.12;13.12
08/10/2018;4.66;16.84;10.75
09/10/2018;4.98;20.7;12.84
10/10/2018;10.34;22.76;16.55
11/10/2018;14.14;23.88;19.01
12/10/2018;12.18;22.64;17.41
13/10/2018;15.16;24.72;19.94
14/10/2018;14.5;23.7;19.1
15/10/2018;14.54;23.88;19.21
16/10/2018;11.02;23.78;17.4
17/10/2018;9.68;19.18;14.43
18/10/2018;10.32;17.14;13.73
19/10/2018;8.22;17.2;12.71
20/10/2018;5.82;15.82;10.82
21/10/2018;4.56;18.52;11.54
22/10/2018;8.62;15.08;11.85
23/10/2018;4.14;16.38;10.26
24/10/2018;9.38;15.14;12.26
25/10/2018;9.0;13.54;11.27
26/10/2018;7.26;13.12;10.19
27/10/2018;1.56;9.08;5.32
28/10/2018;2.56;7.7;5.13
29/10/2018;1.64;6.18;3.91
30/10/2018;3.32;9.02;6.17
31/10/2018;1.82;10.78;6.3
01/11/2018;7.5;12.46;9.98
02/11/2018;4.5;11.36;7.93
03/11/2018;-0.42;10.72;5.15
04/11/2018;2.98;12.64;7.81
05/11/2018;7.4;16.74;12.07
06/11/2018;10.1;18.82;14.46
07/11/2018;8.98;12.86;10.92
08/11/2018;4.68;11.9;8.29
09/11/2018;5.06;13.92;9.49
10/11/2018;10.0;13.06;11.53
11/11/2018;10.36;12.76;11.56
12/11/2018;9.1;12.48;10.79
13/11/2018;8.18;13.8;10.99
14/11/2018;4.78;13.58;9.18
15/11/2018;5.34;8.9;7.12
16/11/2018;5.66;7.18;6.42
17/11/2018;1.14;8.72;4.93
18/11/2018;1.18;8.16;4.67
19/11/2018;-0.14;6.4;3.13
20/11/2018;1.6;3.4;2.5
21/11/2018;-1.48;5.6;2.06
22/11/2018;-0.32;4.84;2.26
23/11/2018;1.62;8.26;4.94
24/11/2018;3.52;8.16;5.84
25/11/2018;3.86;7.02;5.44
26/11/2018;3.32;6.18;4.75
27/11/2018;3.84;8.38;6.11
28/11/2018;5.86;12.02;8.94
29/11/2018;9.42;12.88;11.15
30/11/2018;7.28;11.8;9.54
01/12/2018;4.62;12.92;8.77
02/12/2018;9.98;14.4;12.19
03/12/2018;11.76;13.6;12.68
04/12/2018;4.88;10.12;7.5
05/12/2018;5.86;11.86;8.86
06/12/2018;10.48;12.52;11.5
07/12/2018;7.76;12.14;9.95
08/12/2018;6.92;11.64;9.28
09/12/2018;7.92;11.02;9.47
10/12/2018;5.82;9.36;7.59
11/12/2018;1.78;8.24;5.01
12/12/2018;-0.82;4.3;1.74
13/12/2018;-1.08;3.22;1.07
14/12/2018;-3.16;1.14;-1.01
15/12/2018;-2.9;3.16;0.13
16/12/2018;0.04;7.08;3.56
17/12/2018;4.14;9.9;7.02
18/12/2018;5.42;8.42;6.92
19/12/2018;6.18;10.28;8.23
20/12/2018;6.08;11.48;8.78
21/12/2018;8.06;13.88;10.97
22/12/2018;9.16;11.68;10.42
23/12/2018;7.86;12.62;10.24
24/12/2018;5.3;9.04;7.17
25/12/2018;-1.08;5.9;2.41
26/12/2018;-2.2;3.56;0.68
27/12/2018;-0.58;3.02;1.22
28/12/2018;-0.96;4.26;1.65
29/12/2018;3.0;9.34;6.17
30/12/2018;3.88;9.66;6.77
31/12/2018;7.64;9.36;8.5
01/01/2019;7.22;8.82;8.02
02/01/2019;3.74;6.94;5.34
03/01/2019;2.78;6.04;4.41
04/01/2019;0.62;5.14;2.88
05/01/2019;2.06;5.7;3.88
06/01/2019;3.4;6.44;4.92
07/01/2019;5.38;9.46;7.42
08/01/2019;6.02;8.54;7.28
09/01/2019;3.12;6.16;4.64
10/01/2019;0.4;5.3;2.85
11/01/2019;3.04;8.64;5.84
12/01/2019;5.0;9.18;7.09
13/01/2019;7.72;10.64;9.18
14/01/2019;6.08;8.74;7.41
15/01/2019;3.5;7.54;5.52
16/01/2019;4.78;6.96;5.87
17/01/2019;2.06;5.96;4.01
18/01/2019;-1.22;4.96;1.87
19/01/2019;-2.72;3.16;0.22
20/01/2019;-0.56;3.04;1.24
21/01/2019;-4.94;4.04;-0.45
22/01/2019;-2.62;2.78;0.08
23/01/2019;-1.12;1.3;0.09
24/01/2019;-4.36;2.32;-1.02
25/01/2019;-0.28;6.94;3.33
26/01/2019;4.46;8.62;6.54
27/01/2019;3.36;7.02;5.19
28/01/2019;2.32;5.26;3.79
29/01/2019;-2.12;4.12;1.0
30/01/2019;-0.5;3.6;1.55
31/01/2019;-4.44;2.2;-1.12
01/02/2019;-0.62;4.18;1.78
02/02/2019;1.68;4.44;3.06
03/02/2019;1.36;5.62;3.49
04/02/2019;-0.72;3.84;1.56
05/02/2019;2.1;6.76;4.43
06/02/2019;1.98;10.18;6.08
07/02/2019;6.38;9.7;8.04
08/02/2019;5.54;10.18;7.86
09/02/2019;6.4;10.5;8.45
10/02/2019;5.36;9.18;7.27
11/02/2019;2.58;8.42;5.5
12/02/2019;0.38;9.14;4.76
13/02/2019;-0.1;7.8;3.85
14/02/2019;-0.0;11.48;5.74
15/02/2019;1.84;14.28;8.06
16/02/2019;1.74;14.44;8.09
17/02/2019;3.38;15.74;9.56
18/02/2019;3.02;14.16;8.59
19/02/2019;4.36;11.16;7.76
20/02/2019;1.14;11.62;6.38
21/02/2019;3.72;13.12;8.42
22/02/2019;2.78;14.22;8.5
23/02/2019;4.58;14.72;9.65
24/02/2019;0.92;14.62;7.77
25/02/2019;2.56;17.6;10.08
26/02/2019;3.6;18.48;11.04
27/02/2019;3.58;17.12;10.35
28/02/2019;3.44;12.56;8.0
01/03/2019;7.58;9.34;8.46
02/03/2019;7.08;11.32;9.2
03/03/2019;8.76;13.54;11.15
04/03/2019;5.24;10.14;7.69
05/03/2019;4.26;10.88;7.57
06/03/2019;7.72;11.54;9.63
07/03/2019;6.66;10.96;8.81
08/03/2019;5.96;11.14;8.55
09/03/2019;7.74;12.46;10.1
10/03/2019;7.36;12.14;9.75
11/03/2019;3.76;9.58;6.67
12/03/2019;3.98;10.86;7.42
13/03/2019;4.84;10.5;7.67
14/03/2019;6.48;11.58;9.03
15/03/2019;8.52;11.96;10.24
16/03/2019;8.96;13.68;11.32
17/03/2019;5.26;9.22;7.24
18/03/2019;2.72;10.32;6.52
19/03/2019;0.28;11.98;6.13
20/03/2019;3.06;12.86;7.96
21/03/2019;3.4;12.96;8.18
22/03/2019;4.9;13.94;9.42
23/03/2019;5.92;11.52;8.72
24/03/2019;6.38;12.12;9.25
25/03/2019;3.22;10.88;7.05
26/03/2019;2.3;11.96;7.13
27/03/2019;4.9;12.22;8.56
28/03/2019;7.56;12.04;9.8
29/03/2019;3.78;17.62;10.7
30/03/2019;4.64;19.06;11.85
31/03/2019;5.86;16.22;11.04
01/04/2019;4.84;17.42;11.13
02/04/2019;7.14;14.48;10.81
03/04/2019;3.08;9.22;6.15
04/04/2019;-1.0;11.84;5.42
05/04/2019;1.74;13.66;7.7
06/04/2019;3.72;15.02;9.37
07/04/2019;5.1;13.42;9.26
08/04/2019;7.42;14.06;10.74
09/04/2019;8.46;11.54;10.0
10/04/2019;6.12;12.72;9.42
11/04/2019;1.5;11.32;6.41
12/04/2019;1.28;9.78;5.53
13/04/2019;0.16;8.96;4.56
14/04/2019;-1.44;8.74;3.65
15/04/2019;0.84;15.26;8.05
16/04/2019;6.78;14.38;10.58
17/04/2019;7.46;16.5;11.98
18/04/2019;8.5;22.28;15.39
19/04/2019;9.38;23.22;16.3
20/04/2019;8.22;24.18;16.2
21/04/2019;9.14;23.72;16.43
22/04/2019;10.08;24.06;17.07
23/04/2019;11.54;19.62;15.58
24/04/2019;10.5;19.48;14.99
25/04/2019;7.82;14.86;11.34
26/04/2019;5.92;16.5;11.21
27/04/2019;7.18;12.22;9.7
28/04/2019;5.94;11.66;8.8
29/04/2019;2.74;15.38;9.06
30/04/2019;5.32;13.92;9.62
01/05/2019;5.98;15.26;10.62
02/05/2019;7.58;13.82;10.7
03/05/2019;7.4;14.22;10.81
04/05/2019;3.6;10.1;6.85
05/05/2019;2.66;11.68;7.17
06/05/2019;1.26;12.1;6.68
07/05/2019;3.5;14.82;9.16
08/05/2019;8.36;15.66;12.01
09/05/2019;7.02;14.54;10.78
10/05/2019;5.74;15.88;10.81
11/05/2019;9.36;15.94;12.65
12/05/2019;3.68;14.82;9.25
13/05/2019;4.62;16.08;10.35
14/05/2019;6.18;16.76;11.47
15/05/2019;5.84;18.34;12.09
16/05/2019;5.94;17.44;11.69
17/05/2019;7.46;16.46;11.96
18/05/2019;8.74;18.68;13.71
19/05/2019;10.44;15.36;12.9
20/05/2019;10.42;17.42;13.92
21/05/2019;7.96;19.36;13.66
22/05/2019;6.7;19.64;13.17
23/05/2019;6.94;22.56;14.75
24/05/2019;10.08;21.32;15.7
25/05/2019;11.02;19.44;15.23
26/05/2019;9.52;17.82;13.67
27/05/2019;12.68;18.48;15.58
28/05/2019;10.06;16.42;13.24
29/05/2019;6.36;18.32;12.34
30/05/2019;12.74;20.02;16.38
31/05/2019;9.82;21.9;15.86
01/06/2019;10.66;27.18;18.92
02/06/2019;14.92;29.7;22.31
03/06/2019;13.8;18.7;16.25
04/06/2019;10.1;24.7;17.4
05/06/2019;12.18;16.4;14.29
06/06/2019;9.62;18.08;13.85
07/06/2019;10.96;17.68;14.32
08/06/2019;11.2;17.26;14.23
09/06/2019;9.1;18.28;13.69
10/06/2019;11.96;18.34;15.15
11/06/2019;6.88;18.98;12.93
12/06/2019;10.66;17.64;14.15
13/06/2019;10.9;18.02;14.46
14/06/2019;9.74;21.78;15.76
15/06/2019;12.5;20.9;16.7
16/06/2019;12.24;21.06;16.65
17/06/2019;10.92;23.6;17.26
18/06/2019;12.18;26.9;19.54
19/06/2019;15.46;23.76;19.61
20/06/2019;14.0;19.0;16.5
21/06/2019;8.84;19.74;14.29
22/06/2019;8.92;22.84;15.88
23/06/2019;13.52;28.1;20.81
24/06/2019;17.9;27.88;22.89
25/06/2019;16.88;29.26;23.07
26/06/2019;16.0;25.26;20.63
27/06/2019;15.68;26.14;20.91
28/06/2019;14.06;27.84;20.95
29/06/2019;15.2;33.76;24.48
30/06/2019;17.18;22.82;20.0
01/07/2019;13.18;22.08;17.63
02/07/2019;9.86;23.06;16.46
03/07/2019;11.66;22.12;16.89
04/07/2019;10.86;24.4;17.63
05/07/2019;11.74;26.84;19.29
06/07/2019;12.68;25.8;19.24
07/07/2019;13.86;19.26;16.56
08/07/2019;9.74;21.28;15.51
09/07/2019;9.46;22.7;16.08
10/07/2019;12.78;24.68;18.73
11/07/2019;15.86;25.72;20.79
12/07/2019;13.86;23.46;18.66
13/07/2019;12.8;22.52;17.66
14/07/2019;11.98;21.28;16.63
15/07/2019;10.7;20.68;15.69
16/07/2019;9.6;23.12;16.36
17/07/2019;10.02;26.18;18.1
18/07/2019;13.26;22.88;18.07
19/07/2019;14.28;25.26;19.77
20/07/2019;15.96;25.2;20.58
21/07/2019;13.52;23.86;18.69
22/07/2019;12.64;28.38;20.51
23/07/2019;15.64;35.5;25.57
24/07/2019;20.1;32.68;26.39
25/07/2019;20.54;40.3;30.42
26/07/2019;20.84;26.88;23.86
27/07/2019;16.04;18.58;17.31
28/07/2019;15.5;21.6;18.55
29/07/2019;11.92;26.52;19.22
30/07/2019;15.1;25.3;20.2
31/07/2019;15.26;21.08;18.17
01/08/2019;14.48;23.8;19.14
02/08/2019;13.12;24.78;18.95
03/08/2019;13.62;23.62;18.62
04/08/2019;14.08;27.44;20.76
05/08/2019;15.56;24.66;20.11
06/08/2019;15.38;21.94;18.66
07/08/2019;14.96;23.66;19.31
08/08/2019;13.72;25.94;19.83
09/08/2019;19.42;24.46;21.94
10/08/2019;18.0;24.08;21.04
11/08/2019;13.66;20.68;17.17
12/08/2019;11.72;21.06;16.39
13/08/2019;10.68;19.1;14.89
14/08/2019;11.04;21.06;16.05
15/08/2019;16.18;21.02;18.6
16/08/2019;12.7;23.0;17.85
17/08/2019;16.34;19.94;18.14
18/08/2019;14.3;20.54;17.42
19/08/2019;12.38;20.88;16.63
20/08/2019;10.64;20.98;15.81
21/08/2019;8.62;22.6;15.61
22/08/2019;9.9;23.58;16.74
23/08/2019;9.94;26.26;18.1
24/08/2019;13.36;29.22;21.29
25/08/2019;15.9;31.46;23.68
26/08/2019;15.26;31.32;23.29
27/08/2019;17.22;32.22;24.72
28/08/2019;17.94;25.7;21.82
29/08/2019;16.88;21.68;19.28
30/08/2019;9.44;24.54;16.99
31/08/2019;11.8;27.82;19.81
01/09/2019;13.56;20.98;17.27
02/09/2019;8.3;21.02;14.66
03/09/2019;11.34;19.66;15.5
04/09/2019;10.7;20.12;15.41
05/09/2019;10.3;18.24;14.27
06/09/2019;5.08;19.76;12.42
07/09/2019;10.86;18.32;14.59
08/09/2019;8.34;17.96;13.15
09/09/2019;5.84;18.08;11.96
10/09/2019;9.36;21.26;15.31
11/09/2019;10.78;20.7;15.74
12/09/2019;16.76;21.56;19.16
13/09/2019;14.94;21.52;18.23
14/09/2019;11.2;23.62;17.41
15/09/2019;8.84;24.58;16.71
16/09/2019;10.66;22.26;16.46
17/09/2019;14.14;20.14;17.14
18/09/2019;7.46;18.96;13.21
19/09/2019;8.56;18.92;13.74
20/09/2019;7.62;22.28;14.95
21/09/2019;9.56;26.92;18.24
22/09/2019;15.1;24.36;19.73
23/09/2019;13.08;20.92;17.0
24/09/2019;14.44;17.78;16.11
25/09/2019;13.12;17.78;15.45
26/09/2019;14.62;19.52;17.07
27/09/2019;12.7;19.36;16.03
28/09/2019;13.34;18.24;15.79
29/09/2019;13.58;19.52;16.55
30/09/2019;11.92;18.3;15.11
01/10/2019;14.38;19.1;16.74
02/10/2019;9.28;14.44;11.86
03/10/2019;3.42;13.74;8.58
04/10/2019;8.68;16.78;12.73
05/10/2019;10.4;15.56;12.98
06/10/2019;12.12;16.9;14.51
07/10/2019;11.5;16.42;13.96
08/10/2019;12.3;15.9;14.1
09/10/2019;10.06;13.82;11.94
10/10/2019;9.74;16.84;13.29
11/10/2019;11.1;17.54;14.32
12/10/2019;12.34;18.68;15.51
13/10/2019;13.0;21.86;17.43
14/10/2019;12.32;21.66;16.99
15/10/2019;12.34;15.72;14.03
16/10/2019;10.12;15.0;12.56
17/10/2019;10.04;16.68;13.36
18/10/2019;10.44;15.5;12.97
19/10/2019;10.34;14.78;12.56
20/10/2019;9.34;13.44;11.39
21/10/2019;10.1;13.66;11.88
22/10/2019;9.62;13.6;11.61
23/10/2019;10.26;15.62;12.94
24/10/2019;11.38;17.22;14.3
25/10/2019;9.96;16.14;13.05
26/10/2019;12.62;19.7;16.16
27/10/2019;7.78;11.0;9.39
28/10/2019;2.98;12.12;7.55
29/10/2019;7.7;11.94;9.82
30/10/2019;6.18;9.78;7.98
31/10/2019;3.58;10.26;6.92
01/11/2019;7.14;15.42;11.28
02/11/2019;10.44;14.46;12.45
03/11/2019;8.9;12.96;10.93
04/11/2019;8.74;13.54;11.14
05/11/2019;7.1;12.06;9.58
06/11/2019;7.6;10.94;9.27
07/11/2019;5.78;10.76;8.27
08/11/2019;2.14;8.62;5.38
09/11/2019;3.34;9.82;6.58
10/11/2019;3.24;8.84;6.04
11/11/2019;4.9;9.1;7.0
12/11/2019;4.04;8.2;6.12
13/11/2019;4.78;9.72;7.25
14/11/2019;4.1;7.48;5.79
15/11/2019;2.0;5.7;3.85
16/11/2019;1.78;6.78;4.28
17/11/2019;2.62;8.52;5.57
18/11/2019;3.0;8.08;5.54
19/11/2019;1.0;9.02;5.01
20/11/2019;-0.78;5.22;2.22
21/11/2019;-0.4;7.74;3.67
22/11/2019;4.76;10.48;7.62
23/11/2019;7.04;12.22;9.63
24/11/2019;4.48;10.12;7.3
25/11/2019;5.14;11.96;8.55
26/11/2019;9.48;12.6;11.04
27/11/2019;9.7;11.36;10.53
28/11/2019;9.34;11.48;10.41
29/11/2019;5.5;9.08;7.29
30/11/2019;-0.58;6.6;3.01
01/12/2019;2.26;4.5;3.38
02/12/2019;-0.64;7.32;3.34
03/12/2019;-1.98;5.06;1.54
04/12/2019;-1.32;4.26;1.47
05/12/2019;-2.5;4.18;0.84
06/12/2019;2.28;10.32;6.3
07/12/2019;7.84;10.26;9.05
08/12/2019;7.78;11.42;9.6
09/12/2019;6.08;8.84;7.46
10/12/2019;-0.42;7.94;3.76
11/12/2019;5.68;8.2;6.94
12/12/2019;1.8;8.4;5.1
13/12/2019;5.6;10.16;7.88
14/12/2019;5.58;10.28;7.93
15/12/2019;5.58;9.52;7.55
16/12/2019;4.92;10.36;7.64
17/12/2019;6.68;14.16;10.42
18/12/2019;3.46;10.66;7.06
19/12/2019;7.44;13.16;10.3
20/12/2019;8.48;11.94;10.21
21/12/2019;6.48;10.36;8.42
22/12/2019;7.28;9.62;8.45
23/12/2019;6.86;10.58;8.72
24/12/2019;6.72;11.86;9.29
25/12/2019;4.3;8.8;6.55
26/12/2019;1.72;10.22;5.97
27/12/2019;7.4;9.1;8.25
28/12/2019;5.1;7.68;6.39
29/12/2019;-0.52;5.02;2.25
30/12/2019;-0.3;7.28;3.49
31/12/2019;-0.92;5.62;2.35
01/01/2020;-0.98;2.88;0.95
02/01/2020;1.7;9.3;5.5
03/01/2020;7.1;10.46;8.78
04/01/2020;2.06;8.3;5.18
05/01/2020;5.52;7.92;6.72
06/01/2020;1.38;8.28;4.83
07/01/2020;4.84;11.6;8.22
08/01/2020;8.42;12.34;10.38
09/01/2020;10.74;12.76;11.75
10/01/2020;6.4;8.0;7.2
11/01/2020;4.06;8.18;6.12
12/01/2020;4.74;10.86;7.8
13/01/2020;5.06;10.58;7.82
14/01/2020;8.72;11.94;10.33
15/01/2020;7.06;11.02;9.04
16/01/2020;2.62;12.24;7.43
17/01/2020;6.4;10.62;8.51
18/01/2020;2.4;7.36;4.88
19/01/2020;0.08;7.74;3.91
20/01/2020;0.42;5.5;2.96
21/01/2020;-1.52;3.18;0.83
22/01/2020;-2.88;4.18;0.65
23/01/2020;1.44;5.22;3.33
24/01/2020;0.4;1.64;1.02
25/01/2020;-0.42;3.86;1.72
26/01/2020;1.86;8.94;5.4
27/01/2020;6.62;9.64;8.13
28/01/2020;2.5;7.46;4.98
29/01/2020;3.16;9.0;6.08
30/01/2020;3.62;12.2;7.91
31/01/2020;9.94;12.76;11.35
01/02/2020;9.2;12.2;10.7
02/02/2020;7.12;12.94;10.03
03/02/2020;8.76;11.44;10.1
04/02/2020;4.82;8.1;6.46
05/02/2020;5.14;8.38;6.76
06/02/2020;-0.04;8.38;4.17
07/02/2020;-0.08;9.68;4.8
08/02/2020;6.48;9.76;8.12
09/02/2020;6.64;13.26;9.95
10/02/2020;5.96;9.9;7.93
11/02/2020;3.92;8.38;6.15
12/02/2020;3.7;8.46;6.08
13/02/2020;3.98;9.98;6.98
14/02/2020;4.98;11.0;7.99
15/02/2020;6.98;13.26;10.12
16/02/2020;7.74;16.18;11.96
17/02/2020;6.58;10.74;8.66
18/02/2020;4.66;9.72;7.19
19/02/2020;3.66;9.1;6.38
20/02/2020;6.0;11.66;8.83
21/02/2020;3.38;9.52;6.45
22/02/2020;5.04;10.9;7.97
23/02/2020;9.4;12.62;11.01
24/02/2020;6.06;12.14;9.1
25/02/2020;5.22;9.46;7.34
26/02/2020;2.3;7.78;5.04
27/02/2020;0.56;6.32;3.44
28/02/2020;-0.18;10.64;5.23
29/02/2020;5.12;11.4;8.26
01/03/2020;4.46;8.78;6.62
02/03/2020;4.06;8.62;6.34
03/03/2020;1.82;8.36;5.09
04/03/2020;2.38;9.04;5.71
05/03/2020;5.86;9.9;7.88
06/03/2020;4.82;9.04;6.93
07/03/2020;0.26;10.18;5.22
08/03/2020;7.34;10.84;9.09
09/03/2020;5.24;10.94;8.09
10/03/2020;6.66;13.04;9.85
11/03/2020;11.28;13.66;12.47
12/03/2020;6.96;11.24;9.1
13/03/2020;5.34;11.22;8.28
14/03/2020;4.42;10.32;7.37
15/03/2020;6.06;14.46;10.26
16/03/2020;4.74;10.58;7.66
17/03/2020;2.04;14.0;8.02
18/03/2020;4.12;15.68;9.9
19/03/2020;5.52;15.52;10.52
20/03/2020;6.28;8.86;7.57
21/03/2020;4.52;8.72;6.62
22/03/2020;1.68;11.52;6.6
23/03/2020;0.14;11.66;5.9
24/03/2020;-0.36;12.36;6.0
25/03/2020;-0.08;11.28;5.6
26/03/2020;0.76;10.72;5.74
27/03/2020;1.32;12.14;6.73
28/03/2020;3.9;13.54;8.72
29/03/2020;2.94;8.4;5.67
30/03/2020;-0.5;9.12;4.31
31/03/2020;1.86;10.14;6.0
01/04/2020;-0.86;10.92;5.03
02/04/2020;-0.36;10.7;5.17
03/04/2020;5.42;12.6;9.01
04/04/2020;2.36;16.12;9.24
05/04/2020;4.84;21.62;13.23
06/04/2020;7.86;16.4;12.13
07/04/2020;3.88;20.4;12.14
08/04/2020;8.24;24.14;16.19
09/04/2020;8.58;23.84;16.21
10/04/2020;9.32;23.04;16.18
11/04/2020;9.52;23.24;16.38
12/04/2020;8.86;23.46;16.16
13/04/2020;7.62;12.06;9.84
14/04/2020;1.32;11.36;6.34
15/04/2020;2.14;18.42;10.28
16/04/2020;6.04;21.92;13.98
17/04/2020;8.5;21.6;15.05
18/04/2020;10.36;18.28;14.32
19/04/2020;6.84;16.36;11.6
20/04/2020;8.5;19.74;14.12
21/04/2020;8.76;20.22;14.49
22/04/2020;9.16;21.5;15.33
23/04/2020;7.74;23.6;15.67
24/04/2020;7.0;20.82;13.91
25/04/2020;6.2;16.22;11.21
26/04/2020;3.06;17.72;10.39
27/04/2020;6.34;21.7;14.02
28/04/2020;10.42;16.74;13.58
29/04/2020;9.82;16.02;12.92
30/04/2020;7.4;15.08;11.24
01/05/2020;7.2;14.34;10.77
02/05/2020;6.96;14.78;10.87
03/05/2020;4.76;16.06;10.41
04/05/2020;10.18;16.68;13.43
05/05/2020;7.78;15.2;11.49
06/05/2020;6.66;18.84;12.75
07/05/2020;5.9;20.4;13.15
08/05/2020;7.8;22.46;15.13
09/05/2020;12.68;23.02;17.85
10/05/2020;11.82;19.12;15.47
11/05/2020;6.6;12.3;9.45
12/05/2020;2.68;13.02;7.85
13/05/2020;3.16;14.06;8.61
14/05/2020;3.6;13.76;8.68
15/05/2020;4.42;16.1;10.26
16/05/2020;4.22;17.02;10.62
17/05/2020;4.88;18.72;11.8
18/05/2020;7.1;20.12;13.61
19/05/2020;6.92;20.98;13.95
20/05/2020;9.4;24.7;17.05
21/05/2020;13.26;27.46;20.36
22/05/2020;14.98;21.5;18.24
23/05/2020;11.86;17.46;14.66
24/05/2020;9.6;17.6;13.6
25/05/2020;8.58;22.72;15.65
26/05/2020;9.52;24.36;16.94
27/05/2020;11.32;23.44;17.38
28/05/2020;9.86;22.22;16.04
29/05/2020;9.8;23.24;16.52
30/05/2020;9.98;24.5;17.24
31/05/2020;11.38;23.18;17.28
01/06/2020;10.76;26.04;18.4
02/06/2020;12.2;27.16;19.68
03/06/2020;12.14;23.5;17.82
04/06/2020;11.54;15.78;13.66
05/06/2020;10.4;16.08;13.24
06/06/2020;8.98;15.8;12.39
07/06/2020;9.66;18.7;14.18
08/06/2020;9.66;15.82;12.74
09/06/2020;8.68;16.92;12.8
10/06/2020;6.2;19.02;12.61
11/06/2020;10.36;21.58;15.97
12/06/2020;12.98;19.62;16.3
13/06/2020;11.54;24.32;17.93
14/06/2020;12.02;22.26;17.14
15/06/2020;12.48;22.8;17.64
16/06/2020;12.1;22.4;17.25
17/06/2020;12.94;21.3;17.12
18/06/2020;12.98;20.46;16.72
19/06/2020;11.14;19.84;15.49
20/06/2020;11.9;22.92;17.41
21/06/2020;12.98;20.86;16.92
22/06/2020;10.32;22.48;16.4
23/06/2020;11.62;27.7;19.66
24/06/2020;15.34;31.56;23.45
25/06/2020;16.8;31.84;24.32
26/06/2020;17.2;27.9;22.55
27/06/2020;16.22;23.02;19.62
28/06/2020;13.92;21.38;17.65
29/06/2020;12.32;19.52;15.92
30/06/2020;11.5;20.34;15.92
01/07/2020;15.68;20.36;18.02
02/07/2020;14.38;19.84;17.11
03/07/2020;11.78;20.9;16.34
04/07/2020;13.48;20.22;16.85
05/07/2020;16.86;21.6;19.23
06/07/2020;11.58;19.4;15.49
07/07/2020;9.02;21.82;15.42
08/07/2020;12.5;19.32;15.91
09/07/2020;15.36;25.46;20.41
10/07/2020;14.92;20.4;17.66
11/07/2020;9.0;21.0;15.0
12/07/2020;9.0;22.86;15.93
13/07/2020;10.68;24.36;17.52
14/07/2020;13.24;20.4;16.82
15/07/2020;14.02;20.34;17.18
16/07/2020;15.08;19.36;17.22
17/07/2020;15.64;25.76;20.7
18/07/2020;13.34;24.48;18.91
19/07/2020;10.98;24.5;17.74
20/07/2020;13.54;22.94;18.24
21/07/2020;9.76;23.2;16.48
22/07/2020;9.44;23.06;16.25
23/07/2020;10.02;24.54;17.28
24/07/2020;15.66;22.54;19.1
25/07/2020;14.54;23.94;19.24
26/07/2020;15.1;22.08;18.59
27/07/2020;14.0;28.32;21.16
28/07/2020;15.84;21.62;18.73
29/07/2020;10.32;23.22;16.77
30/07/2020;10.84;29.48;20.16
31/07/2020;16.18;38.52;27.35
01/08/2020;17.02;24.92;20.97
02/08/2020;14.06;22.28;18.17
03/08/2020;11.98;22.26;17.12
04/08/2020;9.26;23.52;16.39
05/08/2020;10.98;28.86;19.92
06/08/2020;13.42;32.52;22.97
07/08/2020;17.5;34.56;26.03
08/08/2020;19.6;35.48;27.54
09/08/2020;21.22;36.16;28.69
10/08/2020;21.38;33.14;27.26
11/08/2020;19.68;34.84;27.26
12/08/2020;20.82;33.82;27.32
13/08/2020;19.22;28.72;23.97
14/08/2020;18.92;23.4;21.16
15/08/2020;18.36;24.84;21.6
16/08/2020;16.68;25.2;20.94
17/08/2020;14.96;23.16;19.06
18/08/2020;14.84;24.28;19.56
19/08/2020;15.98;24.6;20.29
20/08/2020;18.96;29.9;24.43
21/08/2020;20.56;27.24;23.9
22/08/2020;15.5;22.56;19.03
23/08/2020;14.58;20.22;17.4
24/08/2020;13.22;21.16;17.19
25/08/2020;13.68;24.72;19.2
26/08/2020;16.42;21.54;18.98
27/08/2020;11.24;23.2;17.22
28/08/2020;13.3;20.12;16.71
29/08/2020;11.98;17.32;14.65
30/08/2020;12.54;18.94;15.74
31/08/2020;10.76;18.92;14.84
01/09/2020;10.64;19.84;15.24
02/09/2020;8.6;20.56;14.58
03/09/2020;14.26;22.24;18.25
04/09/2020;17.02;21.76;19.39
05/09/2020;13.3;19.3;16.3
06/09/2020;9.44;19.56;14.5
07/09/2020;8.62;21.16;14.89
08/09/2020;13.82;20.84;17.33
09/09/2020;15.48;23.62;19.55
10/09/2020;15.54;23.0;19.27
11/09/2020;11.0;22.62;16.81
12/09/2020;10.12;21.04;15.58
13/09/2020;10.86;25.16;18.01
14/09/2020;11.86;31.38;21.62
15/09/2020;16.48;32.22;24.35
16/09/2020;14.84;27.58;21.21
17/09/2020;13.74;21.48;17.61
18/09/2020;9.64;24.86;17.25
19/09/2020;15.52;26.2;20.86
20/09/2020;16.24;26.54;21.39
21/09/2020;9.6;24.14;16.87
22/09/2020;8.84;23.52;16.18
23/09/2020;13.36;21.4;17.38
24/09/2020;9.74;16.96;13.35
25/09/2020;8.14;12.92;10.53
26/09/2020;8.88;12.76;10.82
27/09/2020;10.4;15.92;13.16
28/09/2020;12.04;14.86;13.45
29/09/2020;10.76;18.42;14.59
30/09/2020;13.12;18.88;16.0
01/10/2020;11.14;16.16;13.65
02/10/2020;9.22;14.22;11.72
03/10/2020;10.46;15.26;12.86
04/10/2020;9.54;14.84;12.19
05/10/2020;9.94;15.88;12.91
06/10/2020;11.34;15.68;13.51
07/10/2020;10.94;16.16;13.55
08/10/2020;11.24;17.72;14.48
09/10/2020;10.72;15.94;13.33
10/10/2020;6.02;13.82;9.92
11/10/2020;6.9;13.74;10.32
12/10/2020;6.26;13.56;9.91
13/10/2020;8.7;10.64;9.67
14/10/2020;6.16;13.04;9.6
15/10/2020;6.9;12.26;9.58
16/10/2020;6.3;12.0;9.15
17/10/2020;6.56;13.3;9.93
18/10/2020;7.84;13.28;10.56
19/10/2020;6.44;14.64;10.54
20/10/2020;8.94;15.38;12.16
21/10/2020;12.7;19.92;16.31
22/10/2020;11.76;17.72;14.74
23/10/2020;9.76;17.68;13.72
24/10/2020;11.06;16.5;13.78
25/10/2020;10.1;13.0;11.55
26/10/2020;7.5;12.98;10.24
27/10/2020;7.86;12.72;10.29
28/10/2020;8.96;13.66;11.31
29/10/2020;9.62;14.32;11.97
30/10/2020;13.04;15.58;14.31
31/10/2020;11.74;16.84;14.29
01/11/2020;10.58;18.22;14.4
02/11/2020;12.14;18.74;15.44
03/11/2020;6.02;11.88;8.95
04/11/2020;1.92;11.36;6.64
05/11/2020;1.1;11.2;6.15
06/11/2020;2.12;11.52;6.82
07/11/2020;5.04;15.64;10.34
08/11/2020;8.1;15.8;11.95
09/11/2020;10.14;17.48;13.81
10/11/2020;9.44;13.96;11.7
11/11/2020;8.54;12.84;10.69
12/11/2020;8.72;13.52;11.12
13/11/2020;5.9;14.72;10.31
14/11/2020;10.28;15.42;12.85
15/11/2020;9.88;14.98;12.43
16/11/2020;7.9;12.0;9.95
17/11/2020;10.32;12.8;11.56
18/11/2020;7.52;15.58;11.55
19/11/2020;7.74;11.62;9.68
20/11/2020;1.34;9.5;5.42
21/11/2020;5.36;10.9;8.13
22/11/2020;8.78;11.18;9.98
23/11/2020;8.0;10.42;9.21
24/11/2020;5.24;9.76;7.5
25/11/2020;3.16;10.68;6.92
26/11/2020;4.18;10.28;7.23
27/11/2020;3.44;8.18;5.81
28/11/2020;2.56;11.22;6.89
29/11/2020;1.38;3.82;2.6
30/11/2020;0.88;9.38;5.13
01/12/2020;5.14;9.14;7.14
02/12/2020;5.32;7.98;6.65
03/12/2020;5.3;7.62;6.46
04/12/2020;3.48;6.92;5.2
05/12/2020;1.06;5.38;3.22
06/12/2020;0.78;5.98;3.38
07/12/2020;-1.84;3.16;0.66
08/12/2020;0.26;2.98;1.62
09/12/2020;0.06;5.18;2.62
10/12/2020;2.34;6.1;4.22
11/12/2020;3.24;9.64;6.44
12/12/2020;6.52;9.72;8.12
13/12/2020;2.44;10.56;6.5
14/12/2020;7.24;11.74;9.49
15/12/2020;7.18;12.08;9.63
16/12/2020;5.14;9.76;7.45
17/12/2020;6.8;11.12;8.96
18/12/2020;5.98;11.48;8.73
19/12/2020;6.44;11.6;9.02
20/12/2020;6.6;10.72;8.66
21/12/2020;5.16;13.6;9.38
22/12/2020;11.92;13.76;12.84
23/12/2020;10.42;13.66;12.04
24/12/2020;3.74;7.18;5.46
25/12/2020;1.48;5.94;3.71
26/12/2020;0.38;6.98;3.68
27/12/2020;4.32;7.66;5.99
28/12/2020;1.68;5.1;3.39
29/12/2020;1.2;5.02;3.11
30/12/2020;0.78;6.12;3.45
31/12/2020;0.82;4.56;2.69
01/01/2021;-1.02;4.3;1.64
02/01/2021;-2.24;3.52;0.64
03/01/2021;1.4;3.62;2.51
04/01/2021;1.82;2.94;2.38
05/01/2021;1.9;2.86;2.38
06/01/2021;1.94;4.18;3.06
07/01/2021;0.64;3.96;2.3
08/01/2021;-1.12;3.92;1.4
09/01/2021;-2.36;1.92;-0.22
10/01/2021;-3.14;4.38;0.62
11/01/2021;-0.78;7.78;3.5
12/01/2021;4.68;9.12;6.9
13/01/2021;1.14;8.64;4.89
14/01/2021;3.2;6.48;4.84
15/01/2021;-0.36;2.42;1.03
16/01/2021;-2.78;4.66;0.94
17/01/2021;1.52;6.5;4.01
18/01/2021;0.88;7.08;3.98
19/01/2021;4.12;8.64;6.38
20/01/2021;6.48;10.98;8.73
21/01/2021;4.82;9.14;6.98
22/01/2021;2.96;7.62;5.29
23/01/2021;1.48;4.0;2.74
24/01/2021;-1.48;2.52;0.52
25/01/2021;0.84;5.26;3.05
26/01/2021;0.36;4.38;2.37
27/01/2021;1.3;9.78;5.54
28/01/2021;7.38;11.72;9.55
29/01/2021;8.52;10.32;9.42
30/01/2021;4.42;8.72;6.57
31/01/2021;1.3;5.9;3.6
01/02/2021;4.34;7.94;6.14
02/02/2021;4.76;12.74;8.75
03/02/2021;7.82;12.4;10.11
04/02/2021;3.08;9.42;6.25
05/02/2021;5.86;10.22;8.04
06/02/2021;5.62;8.68;7.15
07/02/2021;-1.52;0.3;-0.61
08/02/2021;-3.42;-2.56;-2.99
09/02/2021;-5.9;-2.8;-4.35
10/02/2021;-6.7;-1.28;-3.99
11/02/2021;-6.42;0.24;-3.09
12/02/2021;-5.06;-0.76;-2.91
13/02/2021;-6.94;1.06;-2.94
14/02/2021;-5.48;3.64;-0.92
15/02/2021;0.86;7.86;4.36
16/02/2021;4.86;10.56;7.71
17/02/2021;5.86;13.1;9.48
18/02/2021;5.24;11.22;8.23
19/02/2021;2.08;11.84;6.96
20/02/2021;7.7;16.38;12.04
21/02/2021;7.8;16.12;11.96
22/02/2021;8.26;14.52;11.39
23/02/2021;8.1;16.88;12.49
24/02/2021;9.38;18.54;13.96
25/02/2021;6.92;14.72;10.82
26/02/2021;4.42;11.04;7.73
27/02/2021;0.78;9.64;5.21
28/02/2021;2.28;10.68;6.48
01/03/2021;1.22;12.24;6.73
02/03/2021;0.5;14.66;7.58
03/03/2021;4.2;15.9;10.05
04/03/2021;4.76;8.24;6.5
05/03/2021;2.28;6.6;4.44
06/03/2021;-0.88;7.46;3.29
07/03/2021;-2.06;7.32;2.63
08/03/2021;-1.06;7.38;3.16
09/03/2021;2.38;10.18;6.28
10/03/2021;1.32;11.04;6.18
11/03/2021;6.3;12.64;9.47
12/03/2021;4.72;9.84;7.28
13/03/2021;5.64;9.94;7.79
14/03/2021;3.7;10.3;7.0
15/03/2021;6.06;10.38;8.22
16/03/2021;1.72;9.14;5.43
17/03/2021;5.64;8.36;7.0
18/03/2021;3.3;7.62;5.46
19/03/2021;2.62;8.66;5.64
20/03/2021;1.06;9.62;5.34
21/03/2021;3.48;9.78;6.63
22/03/2021;1.14;9.1;5.12
23/03/2021;2.04;12.58;7.31
24/03/2021;1.8;15.3;8.55
25/03/2021;5.34;12.62;8.98
26/03/2021;4.08;13.92;9.0
27/03/2021;4.1;11.12;7.61
28/03/2021;5.06;13.96;9.51
29/03/2021;5.22;19.4;12.31
30/03/2021;6.16;23.12;14.64
31/03/2021;7.34;23.82;15.58
01/04/2021;8.34;19.04;13.69
02/04/2021;4.38;10.8;7.59
03/04/2021;4.58;10.0;7.29
04/04/2021;1.94;9.82;5.88
05/04/2021;1.94;8.46;5.2
06/04/2021;-2.1;7.18;2.54
07/04/2021;-2.58;8.1;2.76
08/04/2021;2.82;10.68;6.75
09/04/2021;1.48;14.5;7.99
10/04/2021;5.98;9.36;7.67
11/04/2021;3.6;8.44;6.02
12/04/2021;-0.8;7.94;3.57
13/04/2021;-1.4;10.28;4.44
14/04/2021;0.32;10.18;5.25
15/04/2021;0.82;9.86;5.34
16/04/2021;1.5;10.76;6.13
17/04/2021;2.76;12.34;7.55
18/04/2021;1.76;13.0;7.38
19/04/2021;1.36;14.64;8.0
20/04/2021;2.6;17.1;9.85
21/04/2021;4.1;16.02;10.06
22/04/2021;3.1;13.94;8.52
23/04/2021;2.14;16.62;9.38
24/04/2021;3.98;15.92;9.95
25/04/2021;4.12;13.14;8.63
26/04/2021;2.74;14.66;8.7
27/04/2021;2.48;16.88;9.68
28/04/2021;4.34;18.28;11.31
29/04/2021;4.46;11.32;7.89
01/05/2021;3.18;12.88;8.03
02/05/2021;1.62;12.36;6.99
03/05/2021;1.76;15.14;8.45
04/05/2021;8.56;13.78;11.17
05/05/2021;5.04;12.2;8.62
06/05/2021;3.26;9.82;6.54
07/05/2021;2.14;13.88;8.01
08/05/2021;6.02;20.34;13.18
09/05/2021;10.76;24.16;17.46
10/05/2021;12.16;18.74;15.45
11/05/2021;7.54;17.58;12.56
12/05/2021;7.28;15.92;11.6
13/05/2021;8.62;15.5;12.06
14/05/2021;7.48;14.42;10.95
15/05/2021;6.52;14.84;10.68
16/05/2021;8.22;16.2;12.21
17/05/2021;9.88;15.1;12.49
18/05/2021;9.26;15.48;12.37
19/05/2021;6.48;14.2;10.34
20/05/2021;6.08;16.0;11.04
21/05/2021;9.9;16.2;13.05
22/05/2021;8.76;14.14;11.45
23/05/2021;6.7;15.84;11.27
24/05/2021;8.4;15.12;11.76
25/05/2021;7.58;14.2;10.89
26/05/2021;8.26;14.64;11.45
27/05/2021;6.7;17.96;12.33
28/05/2021;6.76;19.26;13.01
29/05/2021;9.5;21.36;15.43
30/05/2021;9.0;20.68;14.84
31/05/2021;9.6;23.52;16.56
01/06/2021;10.68;25.3;17.99
02/06/2021;13.96;27.98;20.97
03/06/2021;15.8;22.42;19.11
04/06/2021;12.88;19.3;16.09
05/06/2021;12.64;17.14;14.89
06/06/2021;8.84;20.2;14.52
07/06/2021;9.76;21.12;15.44
08/06/2021;10.0;22.44;16.22
09/06/2021;10.84;24.82;17.83
10/06/2021;12.56;22.56;17.56
11/06/2021;12.08;21.02;16.55
12/06/2021;12.86;21.28;17.07
13/06/2021;11.06;23.6;17.33
14/06/2021;12.06;27.52;19.79
15/06/2021;14.04;26.5;20.27
16/06/2021;15.22;29.64;22.43
17/06/2021;18.12;25.98;22.05
18/06/2021;18.28;26.34;22.31
19/06/2021;14.02;19.48;16.75
20/06/2021;14.38;22.74;18.56
21/06/2021;15.2;19.98;17.59
22/06/2021;12.32;14.08;13.2
23/06/2021;11.72;16.18;13.95
24/06/2021;10.78;19.04;14.91
25/06/2021;10.32;17.4;13.86
26/06/2021;14.1;20.92;17.51
27/06/2021;16.0;21.82;18.91
28/06/2021;15.2;23.04;19.12
29/06/2021;13.44;19.04;16.24
30/06/2021;12.9;15.58;14.24
01/07/2021;12.6;20.44;16.52
02/07/2021;12.06;24.08;18.07
03/07/2021;16.46;21.74;19.1
04/07/2021;14.78;21.6;18.19
05/07/2021;13.7;20.42;17.06
06/07/2021;14.92;19.54;17.23
07/07/2021;13.8;21.54;17.67
08/07/2021;11.54;20.54;16.04
09/07/2021;12.14;21.02;16.58
10/07/2021;13.82;19.04;16.43
11/07/2021;11.76;21.46;16.61
12/07/2021;14.8;21.1;17.95
13/07/2021;15.48;20.5;17.99
14/07/2021;14.82;18.32;16.57
15/07/2021;15.4;22.18;18.79
16/07/2021;14.66;21.1;17.88
17/07/2021;12.58;25.06;18.82
18/07/2021;13.82;27.66;20.74
19/07/2021;15.32;27.6;21.46
20/07/2021;15.6;27.0;21.3
21/07/2021;15.62;27.66;21.64
22/07/2021;15.18;26.52;20.85
23/07/2021;13.36;26.3;19.83
24/07/2021;16.7;24.54;20.62
25/07/2021;15.76;22.54;19.15
26/07/2021;15.86;21.06;18.46
27/07/2021;14.9;20.38;17.64
28/07/2021;14.22;20.68;17.45
29/07/2021;13.6;20.84;17.22
30/07/2021;12.56;20.88;16.72
31/07/2021;14.08;20.92;17.5
01/08/2021;11.74;20.9;16.32
02/08/2021;12.38;20.78;16.58
03/08/2021;13.34;20.52;16.93
04/08/2021;10.96;21.26;16.11
05/08/2021;12.82;23.9;18.36
06/08/2021;15.74;20.56;18.15
07/08/2021;12.5;20.08;16.29
08/08/2021;13.04;19.62;16.33
09/08/2021;13.26;20.84;17.05
10/08/2021;13.96;21.76;17.86
11/08/2021;11.88;23.08;17.48
12/08/2021;13.42;25.78;19.6
13/08/2021;13.68;23.24;18.46
14/08/2021;11.82;25.22;18.52
15/08/2021;12.78;25.44;19.11
16/08/2021;14.14;18.72;16.43
17/08/2021;10.36;18.14;14.25
18/08/2021;15.0;19.38;17.19
19/08/2021;14.78;19.98;17.38
20/08/2021;14.8;22.12;18.46
21/08/2021;12.62;24.94;18.78
22/08/2021;14.92;20.66;17.79
23/08/2021;14.56;20.58;17.57
24/08/2021;13.36;22.62;17.99
25/08/2021;12.46;22.58;17.52
26/08/2021;12.74;19.04;15.89
27/08/2021;12.24;20.36;16.3
28/08/2021;11.64;20.58;16.11
29/08/2021;12.14;19.42;15.78
30/08/2021;15.02;20.1;17.56
31/08/2021;14.22;21.46;17.84
01/09/2021;13.72;20.04;16.88
02/09/2021;12.22;22.14;17.18
03/09/2021;11.6;25.62;18.61
04/09/2021;14.48;24.48;19.48
05/09/2021;15.08;27.86;21.47
06/09/2021;15.32;27.76;21.54
07/09/2021;14.24;28.68;21.46
08/09/2021;15.08;28.82;21.95
09/09/2021;16.6;25.24;20.92
10/09/2021;16.96;23.6;20.28
11/09/2021;14.8;20.7;17.75
12/09/2021;11.8;21.32;16.56
13/09/2021;11.98;22.76;17.37
14/09/2021;15.0;23.12;19.06
15/09/2021;16.78;20.08;18.43
16/09/2021;10.96;21.5;16.23
17/09/2021;10.82;22.56;16.69
18/09/2021;11.66;23.48;17.57
19/09/2021;12.38;22.74;17.56
20/09/2021;14.94;20.14;17.54
21/09/2021;8.46;18.94;13.7
22/09/2021;7.8;20.52;14.16
23/09/2021;7.74;20.4;14.07
24/09/2021;13.08;19.44;16.26
25/09/2021;9.8;21.82;15.81
26/09/2021;14.14;21.8;17.97
27/09/2021;14.02;17.92;15.97
28/09/2021;8.38;18.96;13.67
29/09/2021;11.04;15.94;13.49
30/09/2021;6.04;16.64;11.34
01/10/2021;10.48;15.94;13.21
02/10/2021;10.34;17.28;13.81
03/10/2021;11.36;15.14;13.25
04/10/2021;8.66;17.66;13.16
05/10/2021;11.22;16.02;13.62
06/10/2021;10.62;15.62;13.12
07/10/2021;6.62;17.42;12.02
08/10/2021;7.46;18.08;12.77
09/10/2021;7.1;17.94;12.52
10/10/2021;5.78;16.74;11.26
11/10/2021;8.24;15.34;11.79
12/10/2021;6.38;15.36;10.87
13/10/2021;4.76;14.7;9.73
14/10/2021;4.6;16.58;10.59
15/10/2021;7.0;16.42;11.71
16/10/2021;5.52;15.84;10.68
17/10/2021;4.66;15.62;10.14
18/10/2021;5.06;17.1;11.08
19/10/2021;14.26;21.32;17.79
20/10/2021;14.62;18.24;16.43
21/10/2021;7.08;13.06;10.07
22/10/2021;3.58;12.9;8.24
23/10/2021;6.56;14.62;10.59
24/10/2021;2.94;14.06;8.5
25/10/2021;7.98;14.94;11.46
26/10/2021;7.82;14.44;11.13
27/10/2021;9.28;15.84;12.56
28/10/2021;6.8;17.0;11.9
29/10/2021;9.22;14.98;12.1
30/10/2021;10.1;14.28;12.19
31/10/2021;8.8;14.9;11.85
01/11/2021;7.3;13.18;10.24
02/11/2021;5.86;11.98;8.92
03/11/2021;3.64;11.68;7.66
04/11/2021;3.54;11.02;7.28
05/11/2021;5.38;11.88;8.63
06/11/2021;2.42;11.52;6.97
07/11/2021;8.26;12.38;10.32
08/11/2021;3.54;12.02;7.78
09/11/2021;3.08;11.92;7.5
10/11/2021;1.72;10.98;6.35
11/11/2021;4.26;11.08;7.67
12/11/2021;2.18;12.52;7.35
13/11/2021;9.5;12.52;11.01
14/11/2021;9.38;12.18;10.78
15/11/2021;5.32;8.22;6.77
16/11/2021;6.1;8.68;7.39
17/11/2021;5.42;12.2;8.81
18/11/2021;3.18;12.5;7.84
19/11/2021;9.74;11.82;10.78
20/11/2021;7.38;9.2;8.29
21/11/2021;6.06;9.58;7.82
22/11/2021;3.66;8.0;5.83
23/11/2021;1.36;8.96;5.16
24/11/2021;3.86;7.8;5.83
25/11/2021;2.06;7.6;4.83
26/11/2021;2.32;7.02;4.67
27/11/2021;0.7;5.46;3.08
28/11/2021;2.12;4.82;3.47
29/11/2021;0.02;7.7;3.86
30/11/2021;1.88;10.32;6.1
01/12/2021;6.88;10.6;8.74
02/12/2021;2.1;5.56;3.83
03/12/2021;0.16;6.38;3.27
04/12/2021;4.12;8.14;6.13
05/12/2021;3.28;6.34;4.81
06/12/2021;1.46;6.94;4.2
07/12/2021;1.28;7.16;4.22
08/12/2021;3.6;7.22;5.41
09/12/2021;2.46;7.6;5.03
10/12/2021;3.56;7.0;5.28
11/12/2021;1.14;8.76;4.95
12/12/2021;5.48;11.42;8.45
13/12/2021;8.22;9.96;9.09
14/12/2021;6.78;9.34;8.06
15/12/2021;8.32;9.86;9.09
16/12/2021;7.98;10.34;9.16
17/12/2021;2.82;7.76;5.29
18/12/2021;4.2;7.4;5.8
19/12/2021;4.38;6.44;5.41
20/12/2021;5.32;6.84;6.08
21/12/2021;-0.52;4.68;2.08
22/12/2021;-3.06;1.0;-1.03
23/12/2021;-1.46;9.04;3.79
24/12/2021;6.22;9.2;7.71
25/12/2021;5.98;9.04;7.51
26/12/2021;5.46;9.42;7.44
27/12/2021;6.2;11.02;8.61
28/12/2021;9.2;11.56;10.38
29/12/2021;8.6;14.0;11.3
30/12/2021;12.76;14.58;13.67
31/12/2021;9.28;14.06;11.67
01/01/2022;9.8;15.4;12.6
02/01/2022;9.74;13.38;11.56
03/01/2022;9.1;11.26;10.18
04/01/2022;5.56;8.94;7.25
05/01/2022;1.62;6.2;3.91
06/01/2022;-0.54;6.98;3.22
07/01/2022;3.56;7.22;5.39
08/01/2022;1.08;8.38;4.73
09/01/2022;3.26;7.3;5.28
10/01/2022;-0.52;3.54;1.51
11/01/2022;0.58;4.32;2.45
12/01/2022;0.34;5.98;3.16
13/01/2022;-0.1;5.16;2.53
14/01/2022;-0.84;8.96;4.06
15/01/2022;-0.92;5.82;2.45
16/01/2022;-0.06;6.04;2.99
17/01/2022;2.18;7.32;4.75
18/01/2022;-0.46;8.56;4.05
19/01/2022;1.76;7.26;4.51
20/01/2022;0.88;5.98;3.43
21/01/2022;0.86;6.32;3.59
22/01/2022;3.28;5.44;4.36
23/01/2022;3.44;4.86;4.15
24/01/2022;-0.12;6.12;3.0
25/01/2022;-2.56;2.6;0.02
26/01/2022;0.06;5.38;2.72
27/01/2022;3.4;8.54;5.97
28/01/2022;0.3;8.62;4.46
29/01/2022;5.0;10.64;7.82
30/01/2022;1.58;8.9;5.24
31/01/2022;3.94;7.58;5.76
